-- --------------------------------------------------------
-- Хост:                         127.0.0.1
-- Версия сервера:               8.0.30 - MySQL Community Server - GPL
-- Операционная система:         Win64
-- HeidiSQL Версия:              12.1.0.6537
-- --------------------------------------------------------

/*!40101 SET @OLD_CHARACTER_SET_CLIENT=@@CHARACTER_SET_CLIENT */;
/*!40101 SET NAMES utf8 */;
/*!50503 SET NAMES utf8mb4 */;
/*!40103 SET @OLD_TIME_ZONE=@@TIME_ZONE */;
/*!40103 SET TIME_ZONE='+00:00' */;
/*!40014 SET @OLD_FOREIGN_KEY_CHECKS=@@FOREIGN_KEY_CHECKS, FOREIGN_KEY_CHECKS=0 */;
/*!40101 SET @OLD_SQL_MODE=@@SQL_MODE, SQL_MODE='NO_AUTO_VALUE_ON_ZERO' */;
/*!40111 SET @OLD_SQL_NOTES=@@SQL_NOTES, SQL_NOTES=0 */;


-- Дамп структуры базы данных filmhunter
CREATE DATABASE IF NOT EXISTS `filmhunter` /*!40100 DEFAULT CHARACTER SET utf8mb4 COLLATE utf8mb4_general_ci */ /*!80016 DEFAULT ENCRYPTION='N' */;
USE `filmhunter`;

-- Дамп структуры для таблица filmhunter.comments
CREATE TABLE IF NOT EXISTS `comments` (
  `id` bigint unsigned NOT NULL AUTO_INCREMENT,
  `user_id` bigint unsigned NOT NULL,
  `film_id` bigint unsigned NOT NULL,
  `comment` text COLLATE utf8mb4_unicode_ci NOT NULL,
  `created_at` timestamp NULL DEFAULT NULL,
  `updated_at` timestamp NULL DEFAULT NULL,
  `deleted_at` timestamp NULL DEFAULT NULL,
  PRIMARY KEY (`id`),
  KEY `comments_user_id_foreign` (`user_id`),
  KEY `comments_film_id_foreign` (`film_id`),
  CONSTRAINT `comments_film_id_foreign` FOREIGN KEY (`film_id`) REFERENCES `films` (`id`) ON DELETE CASCADE,
  CONSTRAINT `comments_user_id_foreign` FOREIGN KEY (`user_id`) REFERENCES `users` (`id`) ON DELETE CASCADE
) ENGINE=InnoDB AUTO_INCREMENT=139 DEFAULT CHARSET=utf8mb4 COLLATE=utf8mb4_unicode_ci;

-- Дамп данных таблицы filmhunter.comments: ~138 rows (приблизительно)
INSERT INTO `comments` (`id`, `user_id`, `film_id`, `comment`, `created_at`, `updated_at`, `deleted_at`) VALUES
	(1, 62, 10, 'Quia velit quibusdam et et debitis.', '2024-09-24 08:21:12', '2024-09-24 08:21:12', NULL),
	(2, 8, 13, 'Amet minus corporis consectetur.', '2024-09-24 08:21:12', '2024-09-24 08:21:12', NULL),
	(3, 65, 9, 'Rerum voluptas et dolorum aut vitae corporis.', '2024-09-24 08:21:12', '2024-09-24 08:21:12', NULL),
	(4, 60, 12, 'Non reiciendis voluptatem at voluptate molestias qui dolores.', '2024-09-24 08:21:12', '2024-09-24 08:21:12', NULL),
	(5, 26, 9, 'Dignissimos consequuntur quis consequatur architecto eveniet voluptatum sit.', '2024-09-24 08:21:12', '2024-09-24 08:21:12', NULL),
	(6, 17, 8, 'Qui voluptatem est est.', '2024-09-24 08:21:12', '2024-09-24 08:21:12', NULL),
	(7, 27, 6, 'Ea impedit aut et magnam architecto dolorum porro omnis.', '2024-09-24 08:21:12', '2024-09-24 08:21:12', NULL),
	(8, 74, 6, 'Debitis incidunt et praesentium illo libero incidunt blanditiis.', '2024-09-24 08:21:12', '2024-09-24 08:21:12', NULL),
	(9, 74, 3, 'Asperiores molestiae et quia modi dolore aut repellat unde.', '2024-09-24 08:21:12', '2024-09-24 08:21:12', NULL),
	(10, 49, 2, 'Aut temporibus in et tenetur.', '2024-09-24 08:21:12', '2024-09-24 08:21:12', NULL),
	(11, 58, 13, 'Illo iure impedit delectus laboriosam veritatis.', '2024-09-24 08:21:12', '2024-09-24 08:21:12', NULL),
	(12, 43, 15, 'Autem rerum ipsum inventore nobis sapiente id autem.', '2024-09-24 08:21:12', '2024-09-24 08:21:12', NULL),
	(13, 8, 8, 'Et suscipit voluptatum alias voluptatem et.', '2024-09-24 08:21:12', '2024-09-24 08:21:12', NULL),
	(14, 16, 12, 'Qui dignissimos officiis omnis eos ut.', '2024-09-24 08:21:12', '2024-09-24 08:21:12', NULL),
	(15, 25, 13, 'Ipsum ut et omnis nihil dolores inventore neque vero.', '2024-09-24 08:21:12', '2024-09-24 08:21:12', NULL),
	(16, 14, 12, 'Deserunt commodi in dolores aut.', '2024-09-24 08:21:12', '2024-09-24 08:21:12', NULL),
	(17, 48, 3, 'Ut possimus debitis non incidunt et nisi assumenda.', '2024-09-24 08:21:12', '2024-09-24 08:21:12', NULL),
	(18, 44, 2, 'Veniam quisquam dolorum consequatur quas.', '2024-09-24 08:21:12', '2024-09-24 08:21:12', NULL),
	(19, 81, 14, 'Porro ut iste laboriosam porro expedita.', '2024-09-24 08:21:12', '2024-09-24 08:21:12', NULL),
	(20, 53, 9, 'Nam sit quas ut qui dolores repellat sed.', '2024-09-24 08:21:12', '2024-09-24 08:21:12', NULL),
	(21, 44, 1, 'Temporibus cumque inventore eius quia eligendi.', '2024-09-24 08:21:12', '2024-09-24 08:21:12', NULL),
	(22, 16, 9, 'Repudiandae itaque et qui error reprehenderit accusamus.', '2024-09-24 08:21:12', '2024-09-24 08:21:12', NULL),
	(23, 57, 12, 'Vel est ipsum quis libero ipsum in.', '2024-09-24 08:21:12', '2024-09-24 08:21:12', NULL),
	(24, 31, 6, 'Rerum aspernatur commodi perferendis.', '2024-09-24 08:21:12', '2024-09-24 08:21:12', NULL),
	(25, 78, 13, 'Corrupti dolores enim dolor corrupti autem eius qui.', '2024-09-24 08:21:12', '2024-09-24 08:21:12', NULL),
	(26, 40, 13, 'Pariatur laboriosam vero voluptatibus atque error.', '2024-09-24 08:21:12', '2024-09-24 08:21:12', NULL),
	(27, 17, 6, 'Recusandae provident hic et et voluptatem rerum dolorum.', '2024-09-24 08:21:12', '2024-09-24 08:21:12', NULL),
	(28, 50, 12, 'Debitis aut non occaecati ut.', '2024-09-24 08:21:12', '2024-09-24 08:21:12', NULL),
	(29, 53, 7, 'Ut officia aut exercitationem quidem eos voluptatem.', '2024-09-24 08:21:12', '2024-09-24 08:21:12', NULL),
	(30, 54, 14, 'Aut recusandae deserunt quisquam et.', '2024-09-24 08:21:12', '2024-09-24 08:21:12', NULL),
	(31, 89, 14, 'Et ea ratione molestiae nisi a.', '2024-09-24 08:21:12', '2024-09-24 08:21:12', NULL),
	(32, 21, 15, 'Suscipit vero corporis et sit dolores.', '2024-09-24 08:21:12', '2024-09-24 08:21:12', NULL),
	(33, 3, 8, 'Hic enim illo omnis necessitatibus tenetur itaque optio laborum.', '2024-09-24 08:21:12', '2024-09-24 08:21:12', NULL),
	(34, 83, 2, 'Facilis deleniti est sequi optio.', '2024-09-24 08:21:12', '2024-09-24 08:21:12', NULL),
	(35, 39, 10, 'Quod ut et qui qui laboriosam.', '2024-09-24 08:21:12', '2024-09-24 08:21:12', NULL),
	(36, 75, 9, 'Et et cupiditate repellat voluptas.', '2024-09-24 08:21:12', '2024-09-24 08:21:12', NULL),
	(37, 7, 7, 'Dolorum omnis aspernatur voluptas.', '2024-09-24 08:21:12', '2024-09-24 08:21:12', NULL),
	(38, 19, 12, 'Repellat facilis et fugit ut.', '2024-09-24 08:21:12', '2024-09-24 08:21:12', NULL),
	(39, 6, 10, 'Tempora distinctio eveniet ratione.', '2024-09-24 08:21:12', '2024-09-24 08:21:12', NULL),
	(40, 34, 3, 'Aut dolorem quos consequatur et et asperiores vel.', '2024-09-24 08:21:12', '2024-09-24 08:21:12', NULL),
	(41, 23, 3, 'Doloremque enim voluptas natus optio nihil rerum.', '2024-09-24 08:21:12', '2024-09-24 08:21:12', NULL),
	(42, 89, 10, 'Ea odio amet facilis excepturi voluptas.', '2024-09-24 08:21:12', '2024-09-24 08:21:12', NULL),
	(43, 76, 15, 'Molestiae autem fugiat animi neque ad iste ut temporibus.', '2024-09-24 08:21:12', '2024-09-24 08:21:12', NULL),
	(44, 69, 12, 'Saepe a quibusdam suscipit aspernatur in.', '2024-09-24 08:21:12', '2024-09-24 08:21:12', NULL),
	(45, 43, 7, 'In facere eius excepturi expedita eum atque quo.', '2024-09-24 08:21:12', '2024-09-24 08:21:12', NULL),
	(46, 47, 9, 'Doloribus consectetur quo dicta sed perspiciatis nemo.', '2024-09-24 08:21:12', '2024-09-24 08:21:12', NULL),
	(47, 11, 15, 'Doloribus voluptas voluptate in accusantium.', '2024-09-24 08:21:12', '2024-09-24 08:21:12', NULL),
	(48, 75, 6, 'Quo aut eum dicta assumenda eum molestiae sint.', '2024-09-24 08:21:12', '2024-09-24 08:21:12', NULL),
	(49, 58, 11, 'Est eius numquam et distinctio sint.', '2024-09-24 08:21:12', '2024-09-24 08:21:12', NULL),
	(50, 30, 14, 'Sed est eligendi consequatur illum omnis delectus magni.', '2024-09-24 08:21:12', '2024-09-24 08:21:12', NULL),
	(51, 67, 12, 'Rem sequi aut qui animi.', '2024-09-24 08:21:12', '2024-09-24 08:21:12', NULL),
	(52, 25, 15, 'Eligendi aperiam at repellat soluta non non tenetur.', '2024-09-24 08:21:12', '2024-09-24 08:21:12', NULL),
	(53, 8, 15, 'Autem ut temporibus consequatur dolorum itaque accusantium hic.', '2024-09-24 08:21:12', '2024-09-24 08:21:12', NULL),
	(54, 33, 4, 'Quidem ipsum consequatur molestias.', '2024-09-24 08:21:12', '2024-09-24 08:21:12', NULL),
	(55, 49, 12, 'Praesentium qui in non doloribus eligendi.', '2024-09-24 08:21:12', '2024-09-24 08:21:12', NULL),
	(56, 56, 7, 'Maiores blanditiis numquam rerum eius explicabo architecto iure aliquid.', '2024-09-24 08:21:12', '2024-09-24 08:21:12', NULL),
	(57, 85, 3, 'Nemo ad ab voluptatem dolorem sequi suscipit.', '2024-09-24 08:21:12', '2024-09-24 08:21:12', NULL),
	(58, 62, 4, 'Sunt autem dolores explicabo sit nostrum in porro.', '2024-09-24 08:21:12', '2024-09-24 08:21:12', NULL),
	(59, 16, 15, 'Et iste ratione necessitatibus et.', '2024-09-24 08:21:12', '2024-09-24 08:21:12', NULL),
	(60, 86, 1, 'Placeat et quaerat velit numquam voluptas non praesentium.', '2024-09-24 08:21:12', '2024-09-24 08:21:12', NULL),
	(61, 6, 9, 'Voluptatem ut ut corporis laborum.', '2024-09-24 08:21:12', '2024-09-24 08:21:12', NULL),
	(62, 14, 4, 'Asperiores ad nihil consequatur ratione est architecto est quia.', '2024-09-24 08:21:12', '2024-09-24 08:21:12', NULL),
	(63, 62, 11, 'Id et animi qui omnis magni earum.', '2024-09-24 08:21:12', '2024-09-24 08:21:12', NULL),
	(64, 55, 4, 'At voluptatem unde consequatur provident qui.', '2024-09-24 08:21:12', '2024-09-24 08:21:12', NULL),
	(65, 68, 2, 'Exercitationem dolores qui voluptates quia ut repellendus quis molestias.', '2024-09-24 08:21:12', '2024-09-24 08:21:12', NULL),
	(66, 10, 6, 'Quis quaerat occaecati minus ut doloremque consequatur.', '2024-09-24 08:21:12', '2024-09-24 08:21:12', NULL),
	(67, 54, 4, 'Praesentium aliquam eum illum nisi illo repellendus voluptatem.', '2024-09-24 08:21:12', '2024-09-24 08:21:12', NULL),
	(68, 57, 12, 'Repellat perferendis voluptatem nisi voluptas quae qui eos deserunt.', '2024-09-24 08:21:12', '2024-09-24 08:21:12', NULL),
	(69, 1, 11, 'Repudiandae sed autem tenetur tempore perferendis est perspiciatis.', '2024-09-24 08:21:12', '2024-09-24 08:21:12', NULL),
	(70, 67, 15, 'Quia quia quia delectus est.', '2024-09-24 08:21:12', '2024-09-24 08:21:12', NULL),
	(71, 66, 11, 'Quidem nam a quaerat molestias distinctio totam.', '2024-09-24 08:21:12', '2024-09-24 08:21:12', NULL),
	(72, 35, 1, 'Debitis soluta commodi error.', '2024-09-24 08:21:12', '2024-09-24 08:21:12', NULL),
	(73, 11, 9, 'Non ab et consequatur deserunt sapiente non assumenda.', '2024-09-24 08:21:12', '2024-09-24 08:21:12', NULL),
	(74, 36, 5, 'Fugiat in eum velit et dolor aut doloremque.', '2024-09-24 08:21:12', '2024-09-24 08:21:12', NULL),
	(75, 20, 11, 'Est sint cupiditate totam dolorum voluptatem.', '2024-09-24 08:21:12', '2024-09-24 08:21:12', NULL),
	(76, 85, 11, 'Sint qui dignissimos quia minima nihil asperiores.', '2024-09-24 08:21:12', '2024-09-24 08:21:12', NULL),
	(77, 15, 11, 'Laudantium quia et ut quidem itaque sed soluta.', '2024-09-24 08:21:12', '2024-09-24 08:21:12', NULL),
	(78, 88, 4, 'Consequatur quo illum sed optio amet quis necessitatibus.', '2024-09-24 08:21:12', '2024-09-24 08:21:12', NULL),
	(79, 63, 11, 'Cupiditate incidunt ipsam ex sit.', '2024-09-24 08:21:12', '2024-09-24 08:21:12', NULL),
	(80, 22, 2, 'Consequatur ad id nam minus ea necessitatibus beatae quo.', '2024-09-24 08:21:12', '2024-09-24 08:21:12', NULL),
	(81, 39, 1, 'Quidem quod aut aut vero totam accusantium ut reprehenderit.', '2024-09-24 08:21:12', '2024-09-24 08:21:12', NULL),
	(82, 2, 2, 'Quae est reprehenderit dolores exercitationem.', '2024-09-24 08:21:12', '2024-09-24 08:21:12', NULL),
	(83, 74, 10, 'Quia porro ipsa eum autem quos.', '2024-09-24 08:21:12', '2024-09-24 08:21:12', NULL),
	(84, 11, 14, 'Qui placeat est quasi repellendus itaque tempore.', '2024-09-24 08:21:12', '2024-09-24 08:21:12', NULL),
	(85, 56, 11, 'Nihil in non ut in ab ab.', '2024-09-24 08:21:12', '2024-09-24 08:21:12', NULL),
	(86, 27, 11, 'Quia delectus cum dolor nihil sed.', '2024-09-24 08:21:12', '2024-09-24 08:21:12', NULL),
	(87, 87, 9, 'Necessitatibus qui quisquam fugit.', '2024-09-24 08:21:12', '2024-09-24 08:21:12', NULL),
	(88, 63, 1, 'Beatae molestiae maxime aut tempora.', '2024-09-24 08:21:12', '2024-09-24 08:21:12', NULL),
	(89, 62, 4, 'Occaecati a tempora rerum dolorem ullam eligendi quod quas.', '2024-09-24 08:21:12', '2024-09-24 08:21:12', NULL),
	(90, 89, 12, 'Quae beatae maiores laudantium aut.', '2024-09-24 08:21:12', '2024-09-24 08:21:12', NULL),
	(91, 54, 15, 'Animi occaecati minima omnis ipsum.', '2024-09-24 08:21:12', '2024-09-24 08:21:12', NULL),
	(92, 75, 7, 'Sint officiis repudiandae deleniti nostrum aut.', '2024-09-24 08:21:12', '2024-09-24 08:21:12', NULL),
	(93, 85, 8, 'Sit aspernatur magnam commodi sed.', '2024-09-24 08:21:12', '2024-09-24 08:21:12', NULL),
	(94, 55, 7, 'Sit eligendi vel aut consequuntur quia velit.', '2024-09-24 08:21:12', '2024-09-24 08:21:12', NULL),
	(95, 37, 11, 'Id dolorum quis voluptates et.', '2024-09-24 08:21:12', '2024-09-24 08:21:12', NULL),
	(96, 11, 10, 'Debitis autem ullam quas dolores.', '2024-09-24 08:21:12', '2024-09-24 08:21:12', NULL),
	(97, 49, 13, 'Quis ipsa id mollitia quidem.', '2024-09-24 08:21:12', '2024-09-24 08:21:12', NULL),
	(98, 38, 7, 'Quo repudiandae delectus autem.', '2024-09-24 08:21:12', '2024-09-24 08:21:12', NULL),
	(99, 21, 9, 'Et aut aliquam aspernatur voluptas totam enim.', '2024-09-24 08:21:12', '2024-09-24 08:21:12', NULL),
	(100, 26, 9, 'Quo rerum rerum consectetur quaerat.', '2024-09-24 08:21:12', '2024-09-24 08:21:12', NULL),
	(101, 25, 3, 'Ad qui qui adipisci sed.', '2024-09-24 08:21:12', '2024-09-24 08:21:12', NULL),
	(102, 85, 3, 'Dolores harum ducimus a eligendi officia voluptate.', '2024-09-24 08:21:12', '2024-09-24 08:21:12', NULL),
	(103, 90, 12, 'Ut nobis rerum odio provident nihil laboriosam inventore sed.', '2024-09-24 08:21:12', '2024-09-24 08:21:12', NULL),
	(104, 9, 1, 'Repellat numquam sint exercitationem magnam omnis consectetur.', '2024-09-24 08:21:12', '2024-09-24 08:21:12', NULL),
	(105, 52, 9, 'Aut numquam maiores veniam aut.', '2024-09-24 08:21:12', '2024-09-24 08:21:12', NULL),
	(106, 20, 5, 'Officiis porro sapiente at deserunt sunt.', '2024-09-24 08:21:12', '2024-09-24 08:21:12', NULL),
	(107, 80, 7, 'Sit similique harum fugiat.', '2024-09-24 08:21:12', '2024-09-24 08:21:12', NULL),
	(108, 5, 11, 'Dolorem voluptatem perferendis beatae ut.', '2024-09-24 08:21:12', '2024-09-24 08:21:12', NULL),
	(109, 55, 14, 'Nobis occaecati quasi voluptatem assumenda quae.', '2024-09-24 08:21:12', '2024-09-24 08:21:12', NULL),
	(110, 76, 15, 'Quia corrupti perferendis ad delectus facilis sit.', '2024-09-24 08:21:12', '2024-09-24 08:21:12', NULL),
	(111, 19, 12, 'Consectetur qui accusamus fugiat facere molestiae est perspiciatis architecto.', '2024-09-24 08:21:12', '2024-09-24 08:21:12', NULL),
	(112, 8, 5, 'Et aliquid velit dolores quam officiis minus aut.', '2024-09-24 08:21:12', '2024-09-24 08:21:12', NULL),
	(113, 27, 5, 'Optio est sed eos nisi rerum ad ea.', '2024-09-24 08:21:12', '2024-09-24 08:21:12', NULL),
	(114, 81, 11, 'Iste iure odio culpa ducimus recusandae ut.', '2024-09-24 08:21:12', '2024-09-24 08:21:12', NULL),
	(115, 76, 3, 'Dolores expedita temporibus debitis quia adipisci.', '2024-09-24 08:21:12', '2024-09-24 08:21:12', NULL),
	(116, 80, 13, 'Autem officiis et aut sed sapiente cumque.', '2024-09-24 08:21:12', '2024-09-24 08:21:12', NULL),
	(117, 22, 7, 'Distinctio quo repudiandae quo asperiores.', '2024-09-24 08:21:12', '2024-09-24 08:21:12', NULL),
	(118, 34, 13, 'Beatae dolores doloribus eaque eligendi voluptate.', '2024-09-24 08:21:12', '2024-09-24 08:21:12', NULL),
	(119, 32, 6, 'Illum fugiat ut dignissimos vel eaque sit provident voluptatem.', '2024-09-24 08:21:12', '2024-09-24 08:21:12', NULL),
	(120, 57, 2, 'Vero eum non illum.', '2024-09-24 08:21:12', '2024-09-24 08:21:12', NULL),
	(121, 16, 2, 'Ducimus neque enim doloribus.', '2024-09-24 08:21:12', '2024-09-24 08:21:12', NULL),
	(122, 9, 8, 'Et molestias aut perspiciatis maiores voluptas aperiam.', '2024-09-24 08:21:12', '2024-09-24 08:21:12', NULL),
	(123, 64, 14, 'Et dolorem quia dignissimos suscipit doloribus ab sapiente.', '2024-09-24 08:21:12', '2024-09-24 08:21:12', NULL),
	(124, 8, 1, 'Voluptatem occaecati dolore deserunt.', '2024-09-24 08:21:12', '2024-09-24 08:21:12', NULL),
	(125, 74, 12, 'Beatae neque eligendi sunt eum aut repellat nulla.', '2024-09-24 08:21:12', '2024-09-24 08:21:12', NULL),
	(126, 46, 12, 'Possimus qui cum fugiat nostrum enim quam.', '2024-09-24 08:21:12', '2024-09-24 08:21:12', NULL),
	(127, 69, 7, 'Vel alias ea unde enim consequatur.', '2024-09-24 08:21:12', '2024-09-24 08:21:12', NULL),
	(128, 65, 4, 'Consequuntur ut dolor assumenda eum.', '2024-09-24 08:21:12', '2024-09-24 08:21:12', NULL),
	(129, 49, 10, 'Sed delectus rerum architecto excepturi molestiae assumenda.', '2024-09-24 08:21:12', '2024-09-24 08:21:12', NULL),
	(130, 36, 7, 'At ex et et suscipit.', '2024-09-24 08:21:12', '2024-09-24 08:21:12', NULL),
	(131, 25, 7, 'Dolore est libero sit quaerat voluptas tenetur itaque.', '2024-09-24 08:21:12', '2024-09-24 08:21:12', NULL),
	(132, 27, 3, 'Repudiandae quasi temporibus iste dolorum quis mollitia itaque.', '2024-09-24 08:21:12', '2024-09-24 08:21:12', NULL),
	(133, 58, 12, 'Sit et possimus odit fugiat.', '2024-09-24 08:21:12', '2024-09-24 08:21:12', NULL),
	(134, 21, 1, 'Et aperiam non et voluptate ea et.', '2024-09-24 08:21:12', '2024-09-24 08:21:12', NULL),
	(135, 75, 10, 'Nam quis nesciunt aut placeat eum doloribus.', '2024-09-24 08:21:12', '2024-09-24 08:21:12', NULL),
	(136, 71, 13, 'Qui optio non qui accusamus nisi.', '2024-09-24 08:21:12', '2024-09-24 08:21:12', NULL),
	(137, 84, 5, 'Iure maxime hic voluptatem.', '2024-09-24 08:21:12', '2024-09-24 08:21:12', NULL),
	(138, 78, 7, 'Quidem sequi molestiae dolor quia.', '2024-09-24 08:21:12', '2024-09-24 08:21:12', NULL);

-- Дамп структуры для таблица filmhunter.failed_jobs
CREATE TABLE IF NOT EXISTS `failed_jobs` (
  `id` bigint unsigned NOT NULL AUTO_INCREMENT,
  `uuid` varchar(255) COLLATE utf8mb4_unicode_ci NOT NULL,
  `connection` text COLLATE utf8mb4_unicode_ci NOT NULL,
  `queue` text COLLATE utf8mb4_unicode_ci NOT NULL,
  `payload` longtext COLLATE utf8mb4_unicode_ci NOT NULL,
  `exception` longtext COLLATE utf8mb4_unicode_ci NOT NULL,
  `failed_at` timestamp NOT NULL DEFAULT CURRENT_TIMESTAMP,
  PRIMARY KEY (`id`),
  UNIQUE KEY `failed_jobs_uuid_unique` (`uuid`)
) ENGINE=InnoDB DEFAULT CHARSET=utf8mb4 COLLATE=utf8mb4_unicode_ci;

-- Дамп данных таблицы filmhunter.failed_jobs: ~0 rows (приблизительно)

-- Дамп структуры для таблица filmhunter.films
CREATE TABLE IF NOT EXISTS `films` (
  `id` bigint unsigned NOT NULL AUTO_INCREMENT,
  `author` varchar(255) COLLATE utf8mb4_unicode_ci NOT NULL,
  `model` varchar(255) COLLATE utf8mb4_unicode_ci NOT NULL,
  `year` int NOT NULL,
  `duration` int NOT NULL,
  `filmname` varchar(255) COLLATE utf8mb4_unicode_ci NOT NULL,
  `genre` varchar(255) COLLATE utf8mb4_unicode_ci NOT NULL,
  `volume` int NOT NULL,
  `description` varchar(255) COLLATE utf8mb4_unicode_ci NOT NULL,
  `price_per_subscribtion` int NOT NULL,
  `price_per_watch` double(8,2) NOT NULL,
  `filmImage1` varchar(255) COLLATE utf8mb4_unicode_ci NOT NULL,
  `filmImage2` varchar(255) COLLATE utf8mb4_unicode_ci DEFAULT NULL,
  `filmImage3` varchar(255) COLLATE utf8mb4_unicode_ci DEFAULT NULL,
  `filmImage4` varchar(255) COLLATE utf8mb4_unicode_ci DEFAULT NULL,
  `filmImage5` varchar(255) COLLATE utf8mb4_unicode_ci DEFAULT NULL,
  `filmImage6` varchar(255) COLLATE utf8mb4_unicode_ci DEFAULT NULL,
  `filmImage7` varchar(255) COLLATE utf8mb4_unicode_ci DEFAULT NULL,
  `filmImage8` varchar(255) COLLATE utf8mb4_unicode_ci DEFAULT NULL,
  `created_at` timestamp NULL DEFAULT NULL,
  `updated_at` timestamp NULL DEFAULT NULL,
  PRIMARY KEY (`id`)
) ENGINE=InnoDB AUTO_INCREMENT=16 DEFAULT CHARSET=utf8mb4 COLLATE=utf8mb4_unicode_ci;

-- Дамп данных таблицы filmhunter.films: ~15 rows (приблизительно)
INSERT INTO `films` (`id`, `author`, `model`, `year`, `duration`, `filmname`, `genre`, `volume`, `description`, `price_per_subscribtion`, `price_per_watch`, `filmImage1`, `filmImage2`, `filmImage3`, `filmImage4`, `filmImage5`, `filmImage6`, `filmImage7`, `filmImage8`, `created_at`, `updated_at`) VALUES
	(1, 'LatvijasKino', 'Blockbuster', 2015, 131, 'Catch her in rye', 'Horror', 50, 'None', 6, 2.50, 'filmImages/images.jpeg', 'filmImages/images.jpeg', 'filmImages/images.jpeg', 'filmImages/images.jpeg', 'filmImages/images.jpeg', 'filmImages/images.jpeg', 'filmImages/images.jpeg', NULL, '2024-09-24 08:21:11', '2024-09-24 08:21:11'),
	(2, 'LatvijasKino', 'Budget', 2018, 165, 'Rotten boobs in Cassiopia', 'Horror', 39, 'None', 6, 4.00, 'filmImages/images.jpeg', 'filmImages/images.jpeg', 'filmImages/images.jpeg', 'filmImages/images.jpeg', 'filmImages/images.jpeg', 'filmImages/images.jpeg', NULL, NULL, '2024-09-24 08:21:11', '2024-09-24 08:21:11'),
	(3, 'LatvijasKino', 'Budget', 2018, 120, 'Epic Crossover', 'Comedy', 136, 'None', 6, 1.00, 'filmImages/images.jpeg', 'filmImages/images.jpeg', 'filmImages/images.jpeg', 'filmImages/images.jpeg', 'filmImages/images.jpeg', 'filmImages/images.jpeg', NULL, NULL, '2024-09-24 08:21:11', '2024-09-24 08:21:11'),
	(4, 'BEBRAPRODUCTION', 'Blockbuster', 2018, 150, 'Smell', 'Thriller', 134, 'None', 24, 7.00, 'filmImages/images.jpeg', 'filmImages/images.jpeg', 'filmImages/images.jpeg', 'filmImages/images.jpeg', 'filmImages/images.jpeg', 'filmImages/images.jpeg', 'filmImages/images.jpeg', NULL, '2024-09-24 08:21:11', '2024-09-24 08:21:11'),
	(5, 'BEBRAPRODUCTION', 'Blockbuster', 2020, 150, 'Nigga in paris', 'Thriller', 91, 'None', 24, 5.00, 'filmImages/images.jpeg', 'filmImages/images.jpeg', 'filmImages/images.jpeg', 'filmImages/images.jpeg', 'filmImages/images.jpeg', 'filmImages/images.jpeg', 'filmImages/images.jpeg', NULL, '2024-09-24 08:21:11', '2024-09-24 08:21:11'),
	(6, 'BEBRAPRODUCTION', 'Budget', 2021, 100, 'Estate', 'Comedy', 156, 'None', 24, 10.00, 'filmImages/images.jpeg', 'filmImages/images.jpeg', 'filmImages/images.jpeg', 'filmImages/images.jpeg', 'filmImages/images.jpeg', NULL, NULL, NULL, '2024-09-24 08:21:11', '2024-09-24 08:21:11'),
	(7, 'Bangbros', 'Budget', 2018, 275, 'Base', 'ActionMovie', 110, 'None', 24, 11.00, 'filmImages/images.jpeg', 'filmImages/images.jpeg', 'filmImages/images.jpeg', 'filmImages/images.jpeg', 'filmImages/images.jpeg', 'filmImages/images.jpeg', 'filmImages/images.jpeg', 'filmImages/images.jpeg', '2024-09-24 08:21:11', '2024-09-24 08:21:11'),
	(8, 'Bangbros', 'Budget', 2020, 13, 'Short reminder that smoking is cool', 'ActionMovie', 0, 'None', 24, 4.00, 'filmImages/images.jpeg', 'filmImages/images.jpeg', 'filmImages/images.jpeg', 'filmImages/images.jpeg', 'filmImages/images.jpeg', 'filmImages/images.jpeg', 'filmImages/images.jpeg', NULL, '2024-09-24 08:21:11', '2024-09-24 08:21:11'),
	(9, 'WarnerBrazzers', 'Blockbustrer', 2020, 150, 'Meme Lord', 'Horror', 151, 'None', 23, 5.00, 'filmImages/images.jpeg', 'filmImages/images.jpeg', 'filmImages/images.jpeg', 'filmImages/images.jpeg', 'filmImages/images.jpeg', 'filmImages/images.jpeg', NULL, NULL, '2024-09-24 08:21:11', '2024-09-24 08:21:11'),
	(10, 'Unknown', 'Blockbuster', 2022, 136, 'Slickback', 'Horror', 113, 'None', 23, 5.00, 'filmImages/images.jpeg', 'filmImages/images.jpeg', 'filmImages/images.jpeg', 'filmImages/images.jpeg', 'filmImages/images.jpeg', 'filmImages/images.jpeg', 'filmImages/images.jpeg', NULL, '2024-09-24 08:21:11', '2024-09-24 08:21:11'),
	(11, 'BEBRAPRODUCTION', 'Blockbuster', 2005, 100, 'Giga nigga', 'Horror', 175, 'None', 24, 0.22, 'filmImages/images.jpeg', 'filmImages/images.jpeg', 'filmImages/images.jpeg', NULL, NULL, NULL, NULL, NULL, '2024-09-24 08:21:11', '2024-09-24 08:21:11'),
	(12, 'CRAP', 'Budget', 2020, 179, 'Slow Murder', 'Horror', 86, 'None', 2, 1.00, 'filmImages/images.jpeg', 'filmImages/images.jpeg', 'filmImages/images.jpeg', 'filmImages/images.jpeg', 'filmImages/images.jpeg', 'filmImages/images.jpeg', NULL, NULL, '2024-09-24 08:21:11', '2024-09-24 08:21:11'),
	(13, 'JackiechanFilms', 'Blockbuster', 2021, 99, 'Jackie Chan 18', 'Action', 101, 'None', 25, 9.00, 'filmImages/images.jpeg', 'filmImages/images.jpeg', 'filmImages/images.jpeg', 'filmImages/images.jpeg', 'filmImages/images.jpeg', 'filmImages/images.jpeg', NULL, NULL, '2024-09-24 08:21:11', '2024-09-24 08:21:11'),
	(14, 'Twentycentuaryfox', 'Blockbuster', 2021, 286, 'Drive 2', 'Thriller', 181, 'None', 89, 23.00, 'filmImages/images.jpeg', 'filmImages/images.jpeg', 'filmImages/images.jpeg', 'filmImages/images.jpeg', 'filmImages/images.jpeg', 'filmImages/images.jpeg', 'filmImages/images.jpeg', NULL, '2024-09-24 08:21:11', '2024-09-24 08:21:11'),
	(15, 'RealityKings', 'Budget', 2022, 131, 'Dum Dum', 'Horror', 143, 'None', 17, 9.00, 'filmImages/images.jpeg', 'filmImages/images.jpeg', 'filmImages/images.jpeg', 'filmImages/images.jpeg', 'filmImages/images.jpeg', NULL, NULL, NULL, '2024-09-24 08:21:11', '2024-09-24 08:21:11');

-- Дамп структуры для таблица filmhunter.likes
CREATE TABLE IF NOT EXISTS `likes` (
  `id` bigint unsigned NOT NULL AUTO_INCREMENT,
  `user_id` bigint unsigned NOT NULL,
  `film_id` bigint unsigned NOT NULL,
  `created_at` timestamp NULL DEFAULT NULL,
  `updated_at` timestamp NULL DEFAULT NULL,
  PRIMARY KEY (`id`),
  UNIQUE KEY `likes_user_id_film_id_unique` (`user_id`,`film_id`),
  KEY `likes_film_id_foreign` (`film_id`),
  CONSTRAINT `likes_film_id_foreign` FOREIGN KEY (`film_id`) REFERENCES `films` (`id`) ON DELETE CASCADE,
  CONSTRAINT `likes_user_id_foreign` FOREIGN KEY (`user_id`) REFERENCES `users` (`id`) ON DELETE CASCADE
) ENGINE=InnoDB AUTO_INCREMENT=447 DEFAULT CHARSET=utf8mb4 COLLATE=utf8mb4_unicode_ci;

-- Дамп данных таблицы filmhunter.likes: ~446 rows (приблизительно)
INSERT INTO `likes` (`id`, `user_id`, `film_id`, `created_at`, `updated_at`) VALUES
	(1, 1, 1, NULL, NULL),
	(2, 1, 3, NULL, NULL),
	(3, 1, 4, NULL, NULL),
	(4, 1, 8, NULL, NULL),
	(5, 1, 9, NULL, NULL),
	(6, 2, 3, NULL, NULL),
	(7, 2, 7, NULL, NULL),
	(8, 2, 10, NULL, NULL),
	(9, 2, 12, NULL, NULL),
	(10, 2, 13, NULL, NULL),
	(11, 2, 14, NULL, NULL),
	(12, 3, 2, NULL, NULL),
	(13, 3, 7, NULL, NULL),
	(14, 3, 11, NULL, NULL),
	(15, 3, 15, NULL, NULL),
	(16, 4, 2, NULL, NULL),
	(17, 4, 4, NULL, NULL),
	(18, 4, 8, NULL, NULL),
	(19, 4, 11, NULL, NULL),
	(20, 4, 12, NULL, NULL),
	(21, 4, 13, NULL, NULL),
	(22, 5, 5, NULL, NULL),
	(23, 5, 13, NULL, NULL),
	(24, 6, 2, NULL, NULL),
	(25, 6, 3, NULL, NULL),
	(26, 6, 9, NULL, NULL),
	(27, 6, 10, NULL, NULL),
	(28, 6, 11, NULL, NULL),
	(29, 6, 12, NULL, NULL),
	(30, 6, 13, NULL, NULL),
	(31, 6, 15, NULL, NULL),
	(32, 7, 5, NULL, NULL),
	(33, 7, 13, NULL, NULL),
	(34, 7, 14, NULL, NULL),
	(35, 8, 2, NULL, NULL),
	(36, 8, 8, NULL, NULL),
	(37, 8, 15, NULL, NULL),
	(38, 9, 3, NULL, NULL),
	(39, 9, 9, NULL, NULL),
	(40, 9, 10, NULL, NULL),
	(41, 10, 2, NULL, NULL),
	(42, 10, 3, NULL, NULL),
	(43, 10, 5, NULL, NULL),
	(44, 10, 8, NULL, NULL),
	(45, 10, 9, NULL, NULL),
	(46, 10, 13, NULL, NULL),
	(47, 10, 15, NULL, NULL),
	(48, 11, 2, NULL, NULL),
	(49, 11, 5, NULL, NULL),
	(50, 11, 11, NULL, NULL),
	(51, 11, 13, NULL, NULL),
	(52, 11, 14, NULL, NULL),
	(53, 11, 15, NULL, NULL),
	(54, 12, 5, NULL, NULL),
	(55, 12, 7, NULL, NULL),
	(56, 12, 10, NULL, NULL),
	(57, 12, 11, NULL, NULL),
	(58, 12, 15, NULL, NULL),
	(59, 13, 1, NULL, NULL),
	(60, 13, 3, NULL, NULL),
	(61, 13, 6, NULL, NULL),
	(62, 13, 10, NULL, NULL),
	(63, 13, 11, NULL, NULL),
	(64, 13, 12, NULL, NULL),
	(65, 14, 2, NULL, NULL),
	(66, 14, 9, NULL, NULL),
	(67, 14, 10, NULL, NULL),
	(68, 14, 15, NULL, NULL),
	(69, 15, 5, NULL, NULL),
	(70, 15, 6, NULL, NULL),
	(71, 15, 8, NULL, NULL),
	(72, 15, 10, NULL, NULL),
	(73, 15, 12, NULL, NULL),
	(74, 15, 13, NULL, NULL),
	(75, 16, 6, NULL, NULL),
	(76, 17, 1, NULL, NULL),
	(77, 17, 2, NULL, NULL),
	(78, 17, 4, NULL, NULL),
	(79, 17, 14, NULL, NULL),
	(80, 18, 2, NULL, NULL),
	(81, 18, 4, NULL, NULL),
	(82, 18, 6, NULL, NULL),
	(83, 18, 7, NULL, NULL),
	(84, 18, 9, NULL, NULL),
	(85, 18, 11, NULL, NULL),
	(86, 18, 15, NULL, NULL),
	(87, 19, 1, NULL, NULL),
	(88, 19, 6, NULL, NULL),
	(89, 19, 9, NULL, NULL),
	(90, 19, 12, NULL, NULL),
	(91, 19, 15, NULL, NULL),
	(92, 20, 1, NULL, NULL),
	(93, 20, 2, NULL, NULL),
	(94, 20, 4, NULL, NULL),
	(95, 20, 6, NULL, NULL),
	(96, 20, 10, NULL, NULL),
	(97, 20, 11, NULL, NULL),
	(98, 20, 12, NULL, NULL),
	(99, 20, 14, NULL, NULL),
	(100, 21, 3, NULL, NULL),
	(101, 21, 12, NULL, NULL),
	(102, 21, 14, NULL, NULL),
	(103, 21, 15, NULL, NULL),
	(104, 22, 1, NULL, NULL),
	(105, 22, 2, NULL, NULL),
	(106, 22, 3, NULL, NULL),
	(107, 22, 7, NULL, NULL),
	(108, 23, 2, NULL, NULL),
	(109, 23, 3, NULL, NULL),
	(110, 23, 4, NULL, NULL),
	(111, 23, 15, NULL, NULL),
	(112, 24, 1, NULL, NULL),
	(113, 24, 2, NULL, NULL),
	(114, 24, 4, NULL, NULL),
	(115, 24, 7, NULL, NULL),
	(116, 24, 8, NULL, NULL),
	(117, 24, 11, NULL, NULL),
	(118, 24, 13, NULL, NULL),
	(119, 24, 14, NULL, NULL),
	(120, 25, 1, NULL, NULL),
	(121, 25, 3, NULL, NULL),
	(122, 25, 4, NULL, NULL),
	(123, 25, 6, NULL, NULL),
	(124, 25, 10, NULL, NULL),
	(125, 25, 13, NULL, NULL),
	(126, 26, 3, NULL, NULL),
	(127, 26, 5, NULL, NULL),
	(128, 26, 9, NULL, NULL),
	(129, 26, 10, NULL, NULL),
	(130, 26, 12, NULL, NULL),
	(131, 26, 15, NULL, NULL),
	(132, 27, 2, NULL, NULL),
	(133, 27, 5, NULL, NULL),
	(134, 27, 6, NULL, NULL),
	(135, 27, 8, NULL, NULL),
	(136, 27, 10, NULL, NULL),
	(137, 27, 12, NULL, NULL),
	(138, 27, 14, NULL, NULL),
	(139, 28, 1, NULL, NULL),
	(140, 28, 11, NULL, NULL),
	(141, 29, 2, NULL, NULL),
	(142, 29, 3, NULL, NULL),
	(143, 29, 5, NULL, NULL),
	(144, 29, 6, NULL, NULL),
	(145, 29, 11, NULL, NULL),
	(146, 29, 15, NULL, NULL),
	(147, 30, 1, NULL, NULL),
	(148, 30, 2, NULL, NULL),
	(149, 30, 4, NULL, NULL),
	(150, 30, 6, NULL, NULL),
	(151, 30, 14, NULL, NULL),
	(152, 30, 15, NULL, NULL),
	(153, 31, 1, NULL, NULL),
	(154, 31, 7, NULL, NULL),
	(155, 31, 8, NULL, NULL),
	(156, 31, 9, NULL, NULL),
	(157, 31, 11, NULL, NULL),
	(158, 31, 13, NULL, NULL),
	(159, 32, 1, NULL, NULL),
	(160, 32, 2, NULL, NULL),
	(161, 32, 3, NULL, NULL),
	(162, 32, 4, NULL, NULL),
	(163, 32, 13, NULL, NULL),
	(164, 32, 14, NULL, NULL),
	(165, 33, 2, NULL, NULL),
	(166, 33, 5, NULL, NULL),
	(167, 33, 6, NULL, NULL),
	(168, 33, 7, NULL, NULL),
	(169, 33, 13, NULL, NULL),
	(170, 33, 14, NULL, NULL),
	(171, 34, 4, NULL, NULL),
	(172, 34, 5, NULL, NULL),
	(173, 34, 7, NULL, NULL),
	(174, 34, 8, NULL, NULL),
	(175, 34, 9, NULL, NULL),
	(176, 34, 10, NULL, NULL),
	(177, 34, 11, NULL, NULL),
	(178, 35, 1, NULL, NULL),
	(179, 35, 3, NULL, NULL),
	(180, 35, 5, NULL, NULL),
	(181, 35, 6, NULL, NULL),
	(182, 35, 8, NULL, NULL),
	(183, 35, 9, NULL, NULL),
	(184, 35, 12, NULL, NULL),
	(185, 35, 14, NULL, NULL),
	(186, 35, 15, NULL, NULL),
	(187, 36, 3, NULL, NULL),
	(188, 36, 6, NULL, NULL),
	(189, 36, 8, NULL, NULL),
	(190, 36, 12, NULL, NULL),
	(191, 36, 13, NULL, NULL),
	(192, 37, 1, NULL, NULL),
	(193, 37, 2, NULL, NULL),
	(194, 37, 3, NULL, NULL),
	(195, 37, 4, NULL, NULL),
	(196, 37, 5, NULL, NULL),
	(197, 37, 6, NULL, NULL),
	(198, 37, 7, NULL, NULL),
	(199, 37, 12, NULL, NULL),
	(200, 37, 15, NULL, NULL),
	(201, 38, 8, NULL, NULL),
	(202, 38, 11, NULL, NULL),
	(203, 39, 1, NULL, NULL),
	(204, 39, 5, NULL, NULL),
	(205, 39, 6, NULL, NULL),
	(206, 39, 11, NULL, NULL),
	(207, 39, 12, NULL, NULL),
	(208, 39, 13, NULL, NULL),
	(209, 40, 4, NULL, NULL),
	(210, 40, 7, NULL, NULL),
	(211, 40, 11, NULL, NULL),
	(212, 40, 14, NULL, NULL),
	(213, 41, 10, NULL, NULL),
	(214, 41, 11, NULL, NULL),
	(215, 41, 12, NULL, NULL),
	(216, 41, 13, NULL, NULL),
	(217, 42, 1, NULL, NULL),
	(218, 42, 2, NULL, NULL),
	(219, 42, 5, NULL, NULL),
	(220, 42, 14, NULL, NULL),
	(221, 43, 1, NULL, NULL),
	(222, 43, 3, NULL, NULL),
	(223, 43, 13, NULL, NULL),
	(224, 44, 1, NULL, NULL),
	(225, 44, 2, NULL, NULL),
	(226, 44, 7, NULL, NULL),
	(227, 44, 11, NULL, NULL),
	(228, 44, 15, NULL, NULL),
	(229, 45, 11, NULL, NULL),
	(230, 46, 4, NULL, NULL),
	(231, 46, 8, NULL, NULL),
	(232, 46, 13, NULL, NULL),
	(233, 46, 15, NULL, NULL),
	(234, 47, 3, NULL, NULL),
	(235, 47, 4, NULL, NULL),
	(236, 47, 7, NULL, NULL),
	(237, 47, 10, NULL, NULL),
	(238, 47, 11, NULL, NULL),
	(239, 47, 13, NULL, NULL),
	(240, 48, 1, NULL, NULL),
	(241, 48, 3, NULL, NULL),
	(242, 48, 5, NULL, NULL),
	(243, 48, 6, NULL, NULL),
	(244, 48, 11, NULL, NULL),
	(245, 49, 2, NULL, NULL),
	(246, 49, 5, NULL, NULL),
	(247, 49, 6, NULL, NULL),
	(248, 49, 7, NULL, NULL),
	(249, 49, 10, NULL, NULL),
	(250, 49, 11, NULL, NULL),
	(251, 49, 12, NULL, NULL),
	(252, 49, 14, NULL, NULL),
	(253, 50, 2, NULL, NULL),
	(254, 50, 6, NULL, NULL),
	(255, 50, 9, NULL, NULL),
	(256, 50, 15, NULL, NULL),
	(257, 51, 1, NULL, NULL),
	(258, 51, 4, NULL, NULL),
	(259, 51, 9, NULL, NULL),
	(260, 52, 1, NULL, NULL),
	(261, 52, 3, NULL, NULL),
	(262, 52, 4, NULL, NULL),
	(263, 52, 8, NULL, NULL),
	(264, 53, 3, NULL, NULL),
	(265, 53, 4, NULL, NULL),
	(266, 53, 6, NULL, NULL),
	(267, 53, 7, NULL, NULL),
	(268, 53, 9, NULL, NULL),
	(269, 53, 10, NULL, NULL),
	(270, 53, 12, NULL, NULL),
	(271, 53, 14, NULL, NULL),
	(272, 54, 1, NULL, NULL),
	(273, 54, 6, NULL, NULL),
	(274, 54, 7, NULL, NULL),
	(275, 54, 14, NULL, NULL),
	(276, 55, 5, NULL, NULL),
	(277, 55, 6, NULL, NULL),
	(278, 55, 8, NULL, NULL),
	(279, 55, 9, NULL, NULL),
	(280, 55, 12, NULL, NULL),
	(281, 55, 13, NULL, NULL),
	(282, 56, 1, NULL, NULL),
	(283, 56, 8, NULL, NULL),
	(284, 56, 15, NULL, NULL),
	(285, 57, 3, NULL, NULL),
	(286, 57, 4, NULL, NULL),
	(287, 57, 12, NULL, NULL),
	(288, 58, 3, NULL, NULL),
	(289, 58, 4, NULL, NULL),
	(290, 58, 7, NULL, NULL),
	(291, 58, 15, NULL, NULL),
	(292, 59, 2, NULL, NULL),
	(293, 59, 4, NULL, NULL),
	(294, 59, 9, NULL, NULL),
	(295, 59, 13, NULL, NULL),
	(296, 59, 15, NULL, NULL),
	(297, 60, 6, NULL, NULL),
	(298, 60, 9, NULL, NULL),
	(299, 61, 1, NULL, NULL),
	(300, 61, 4, NULL, NULL),
	(301, 61, 5, NULL, NULL),
	(302, 61, 6, NULL, NULL),
	(303, 61, 7, NULL, NULL),
	(304, 61, 10, NULL, NULL),
	(305, 61, 12, NULL, NULL),
	(306, 62, 1, NULL, NULL),
	(307, 62, 2, NULL, NULL),
	(308, 62, 4, NULL, NULL),
	(309, 62, 8, NULL, NULL),
	(310, 63, 3, NULL, NULL),
	(311, 63, 4, NULL, NULL),
	(312, 63, 12, NULL, NULL),
	(313, 63, 14, NULL, NULL),
	(314, 64, 1, NULL, NULL),
	(315, 64, 3, NULL, NULL),
	(316, 64, 5, NULL, NULL),
	(317, 64, 6, NULL, NULL),
	(318, 64, 9, NULL, NULL),
	(319, 64, 10, NULL, NULL),
	(320, 64, 11, NULL, NULL),
	(321, 64, 15, NULL, NULL),
	(322, 65, 3, NULL, NULL),
	(323, 65, 8, NULL, NULL),
	(324, 66, 1, NULL, NULL),
	(325, 66, 3, NULL, NULL),
	(326, 66, 7, NULL, NULL),
	(327, 66, 11, NULL, NULL),
	(328, 67, 4, NULL, NULL),
	(329, 67, 9, NULL, NULL),
	(330, 67, 10, NULL, NULL),
	(331, 67, 14, NULL, NULL),
	(332, 68, 1, NULL, NULL),
	(333, 68, 4, NULL, NULL),
	(334, 68, 7, NULL, NULL),
	(335, 68, 8, NULL, NULL),
	(336, 68, 13, NULL, NULL),
	(337, 68, 15, NULL, NULL),
	(338, 69, 3, NULL, NULL),
	(339, 69, 7, NULL, NULL),
	(340, 70, 1, NULL, NULL),
	(341, 70, 2, NULL, NULL),
	(342, 70, 4, NULL, NULL),
	(343, 70, 9, NULL, NULL),
	(344, 70, 11, NULL, NULL),
	(345, 70, 13, NULL, NULL),
	(346, 70, 15, NULL, NULL),
	(347, 71, 1, NULL, NULL),
	(348, 71, 4, NULL, NULL),
	(349, 71, 13, NULL, NULL),
	(350, 72, 1, NULL, NULL),
	(351, 72, 6, NULL, NULL),
	(352, 72, 7, NULL, NULL),
	(353, 72, 9, NULL, NULL),
	(354, 72, 10, NULL, NULL),
	(355, 72, 14, NULL, NULL),
	(356, 73, 3, NULL, NULL),
	(357, 73, 5, NULL, NULL),
	(358, 73, 12, NULL, NULL),
	(359, 74, 1, NULL, NULL),
	(360, 74, 3, NULL, NULL),
	(361, 74, 10, NULL, NULL),
	(362, 74, 11, NULL, NULL),
	(363, 74, 12, NULL, NULL),
	(364, 74, 13, NULL, NULL),
	(365, 74, 14, NULL, NULL),
	(366, 74, 15, NULL, NULL),
	(367, 75, 1, NULL, NULL),
	(368, 75, 3, NULL, NULL),
	(369, 75, 6, NULL, NULL),
	(370, 75, 7, NULL, NULL),
	(371, 75, 8, NULL, NULL),
	(372, 75, 9, NULL, NULL),
	(373, 76, 2, NULL, NULL),
	(374, 76, 3, NULL, NULL),
	(375, 76, 7, NULL, NULL),
	(376, 76, 10, NULL, NULL),
	(377, 77, 2, NULL, NULL),
	(378, 77, 3, NULL, NULL),
	(379, 77, 8, NULL, NULL),
	(380, 77, 14, NULL, NULL),
	(381, 77, 15, NULL, NULL),
	(382, 78, 1, NULL, NULL),
	(383, 78, 6, NULL, NULL),
	(384, 78, 7, NULL, NULL),
	(385, 78, 14, NULL, NULL),
	(386, 79, 3, NULL, NULL),
	(387, 79, 4, NULL, NULL),
	(388, 79, 10, NULL, NULL),
	(389, 79, 11, NULL, NULL),
	(390, 79, 12, NULL, NULL),
	(391, 79, 13, NULL, NULL),
	(392, 80, 1, NULL, NULL),
	(393, 80, 6, NULL, NULL),
	(394, 80, 7, NULL, NULL),
	(395, 80, 10, NULL, NULL),
	(396, 80, 11, NULL, NULL),
	(397, 81, 4, NULL, NULL),
	(398, 81, 9, NULL, NULL),
	(399, 81, 11, NULL, NULL),
	(400, 81, 14, NULL, NULL),
	(401, 81, 15, NULL, NULL),
	(402, 82, 3, NULL, NULL),
	(403, 82, 10, NULL, NULL),
	(404, 82, 15, NULL, NULL),
	(405, 83, 4, NULL, NULL),
	(406, 83, 6, NULL, NULL),
	(407, 83, 8, NULL, NULL),
	(408, 84, 4, NULL, NULL),
	(409, 84, 5, NULL, NULL),
	(410, 84, 7, NULL, NULL),
	(411, 84, 9, NULL, NULL),
	(412, 84, 14, NULL, NULL),
	(413, 85, 1, NULL, NULL),
	(414, 85, 2, NULL, NULL),
	(415, 85, 3, NULL, NULL),
	(416, 85, 4, NULL, NULL),
	(417, 85, 8, NULL, NULL),
	(418, 85, 10, NULL, NULL),
	(419, 86, 1, NULL, NULL),
	(420, 86, 4, NULL, NULL),
	(421, 86, 8, NULL, NULL),
	(422, 86, 9, NULL, NULL),
	(423, 87, 1, NULL, NULL),
	(424, 87, 7, NULL, NULL),
	(425, 87, 13, NULL, NULL),
	(426, 87, 14, NULL, NULL),
	(427, 87, 15, NULL, NULL),
	(428, 88, 4, NULL, NULL),
	(429, 88, 5, NULL, NULL),
	(430, 88, 7, NULL, NULL),
	(431, 88, 14, NULL, NULL),
	(432, 89, 1, NULL, NULL),
	(433, 89, 3, NULL, NULL),
	(434, 89, 8, NULL, NULL),
	(435, 89, 11, NULL, NULL),
	(436, 89, 12, NULL, NULL),
	(437, 90, 5, NULL, NULL),
	(438, 90, 8, NULL, NULL),
	(439, 90, 12, NULL, NULL),
	(440, 90, 14, NULL, NULL),
	(441, 91, 2, NULL, NULL),
	(442, 91, 4, NULL, NULL),
	(443, 91, 5, NULL, NULL),
	(444, 91, 6, NULL, NULL),
	(445, 91, 9, NULL, NULL),
	(446, 91, 10, NULL, NULL);

-- Дамп структуры для таблица filmhunter.migrations
CREATE TABLE IF NOT EXISTS `migrations` (
  `id` int unsigned NOT NULL AUTO_INCREMENT,
  `migration` varchar(255) COLLATE utf8mb4_unicode_ci NOT NULL,
  `batch` int NOT NULL,
  PRIMARY KEY (`id`)
) ENGINE=InnoDB AUTO_INCREMENT=22 DEFAULT CHARSET=utf8mb4 COLLATE=utf8mb4_unicode_ci;

-- Дамп данных таблицы filmhunter.migrations: ~15 rows (приблизительно)
INSERT INTO `migrations` (`id`, `migration`, `batch`) VALUES
	(1, '1024_06_07_154742_create_users_table', 1),
	(2, '2019_12_14_000001_create_personal_access_tokens_table', 1),
	(3, '2024_01_04_194223_add_is_admin_to_users', 1),
	(4, '2024_01_08_064946_add_soft_delete_to_users', 1),
	(5, '2024_01_08_140445_add_avatar_to_users', 1),
	(6, '2024_01_10_103748_create_terms_table', 1),
	(7, '2024_01_10_114353_add_title_to_terms', 1),
	(8, '2024_01_18_073210_create_films_table', 1),
	(9, '2024_01_19_182644_add_volume_to_films', 1),
	(10, '2024_01_19_223103_change_genre_type_column_in_films_table', 1),
	(11, '2024_01_19_223416_change_author_and_price_columns_in_films_table', 1),
	(12, '2024_01_20_080838_add_duration_to_films_table', 1),
	(13, '2024_02_07_110739_create_reservations_table', 1),
	(14, '2024_02_20_104515_change_reservations_table', 1),
	(15, '2024_02_20_124324_add_start_date_andend_date_to_reservations_table', 1),
	(16, '2024_02_21_120612_create_likes_table', 1),
	(17, '2024_03_03_163217_create_comments_table', 1),
	(18, '2024_03_07_084014_delete_title_from_comments_table', 1),
	(19, '2024_03_10_175715_add_unique_rule_to_likes_table', 1),
	(20, '2024_06_07_155029_create_password_reset_tokens_table', 1),
	(21, '2024_06_07_155143_create_failed_jobs_table', 1);

-- Дамп структуры для таблица filmhunter.password_reset_tokens
CREATE TABLE IF NOT EXISTS `password_reset_tokens` (
  `email` varchar(255) COLLATE utf8mb4_unicode_ci NOT NULL,
  `token` varchar(255) COLLATE utf8mb4_unicode_ci NOT NULL,
  `created_at` timestamp NULL DEFAULT NULL,
  PRIMARY KEY (`email`)
) ENGINE=InnoDB DEFAULT CHARSET=utf8mb4 COLLATE=utf8mb4_unicode_ci;

-- Дамп данных таблицы filmhunter.password_reset_tokens: ~0 rows (приблизительно)

-- Дамп структуры для таблица filmhunter.personal_access_tokens
CREATE TABLE IF NOT EXISTS `personal_access_tokens` (
  `id` bigint unsigned NOT NULL AUTO_INCREMENT,
  `tokenable_type` varchar(255) COLLATE utf8mb4_unicode_ci NOT NULL,
  `tokenable_id` bigint unsigned NOT NULL,
  `name` varchar(255) COLLATE utf8mb4_unicode_ci NOT NULL,
  `token` varchar(64) COLLATE utf8mb4_unicode_ci NOT NULL,
  `abilities` text COLLATE utf8mb4_unicode_ci,
  `last_used_at` timestamp NULL DEFAULT NULL,
  `expires_at` timestamp NULL DEFAULT NULL,
  `created_at` timestamp NULL DEFAULT NULL,
  `updated_at` timestamp NULL DEFAULT NULL,
  PRIMARY KEY (`id`),
  UNIQUE KEY `personal_access_tokens_token_unique` (`token`),
  KEY `personal_access_tokens_tokenable_type_tokenable_id_index` (`tokenable_type`,`tokenable_id`)
) ENGINE=InnoDB DEFAULT CHARSET=utf8mb4 COLLATE=utf8mb4_unicode_ci;

-- Дамп данных таблицы filmhunter.personal_access_tokens: ~0 rows (приблизительно)

-- Дамп структуры для таблица filmhunter.reservations
CREATE TABLE IF NOT EXISTS `reservations` (
  `id` bigint unsigned NOT NULL AUTO_INCREMENT,
  `user_id` bigint unsigned NOT NULL,
  `film_id` bigint unsigned NOT NULL,
  `start_date` datetime NOT NULL,
  `film_pickup_place` varchar(255) COLLATE utf8mb4_unicode_ci NOT NULL,
  `film_return_place` varchar(255) COLLATE utf8mb4_unicode_ci NOT NULL,
  `end_price` decimal(10,2) NOT NULL,
  `created_at` timestamp NULL DEFAULT NULL,
  `updated_at` timestamp NULL DEFAULT NULL,
  `deleted_at` timestamp NULL DEFAULT NULL,
  PRIMARY KEY (`id`),
  KEY `reservations_user_id_foreign` (`user_id`),
  KEY `reservations_film_id_foreign` (`film_id`),
  CONSTRAINT `reservations_film_id_foreign` FOREIGN KEY (`film_id`) REFERENCES `films` (`id`) ON DELETE CASCADE,
  CONSTRAINT `reservations_user_id_foreign` FOREIGN KEY (`user_id`) REFERENCES `users` (`id`) ON DELETE CASCADE
) ENGINE=InnoDB DEFAULT CHARSET=utf8mb4 COLLATE=utf8mb4_unicode_ci;

-- Дамп данных таблицы filmhunter.reservations: ~0 rows (приблизительно)

-- Дамп структуры для таблица filmhunter.terms
CREATE TABLE IF NOT EXISTS `terms` (
  `id` bigint unsigned NOT NULL AUTO_INCREMENT,
  `title` varchar(255) COLLATE utf8mb4_unicode_ci NOT NULL,
  `content` text COLLATE utf8mb4_unicode_ci NOT NULL,
  `created_at` timestamp NULL DEFAULT NULL,
  `updated_at` timestamp NULL DEFAULT NULL,
  PRIMARY KEY (`id`)
) ENGINE=InnoDB AUTO_INCREMENT=6 DEFAULT CHARSET=utf8mb4 COLLATE=utf8mb4_unicode_ci;

-- Дамп данных таблицы filmhunter.terms: ~5 rows (приблизительно)
INSERT INTO `terms` (`id`, `title`, `content`, `created_at`, `updated_at`) VALUES
	(1, 'repudiandae aut itaque', 'Excepturi itaque quia similique est ab voluptatem facere. Tenetur qui officiis aut aliquid. Harum eligendi laboriosam dolorem voluptatem ab nostrum. Nam iusto cumque error libero in. Rerum nesciunt ducimus magnam omnis quia accusamus accusamus. Voluptatum numquam exercitationem voluptatem enim. Dolor eius perspiciatis est aut reprehenderit. Error ut minima saepe consequatur.', NULL, NULL),
	(2, 'et modi et', 'Dolorem corrupti aut voluptatibus est aut praesentium. Odit molestiae autem error nisi hic nostrum. Laudantium ab totam cumque et nisi. Dolorem culpa rerum assumenda. Id repellendus dolorum et eius nobis itaque. Dolores iure voluptatem voluptatem eaque. Perferendis earum quae vel. Quo rem et ratione doloremque asperiores recusandae sunt.', NULL, NULL),
	(3, 'non voluptatum molestiae', 'Nostrum eos odit et sapiente. Ut ullam amet ut a porro quaerat. Maiores consectetur delectus ea fugit nihil nesciunt laborum. Et voluptas quia minus omnis veniam officia et quas. Ut aperiam reiciendis ducimus molestiae in. Reprehenderit similique magnam minima voluptatem. Voluptate cupiditate laboriosam consequatur est rerum quisquam.', NULL, NULL),
	(4, 'neque autem illum', 'Voluptas ex amet molestiae. Ipsum modi maxime laudantium at. Ducimus consectetur voluptas deleniti veniam quidem accusamus eum. Et fugiat saepe nisi deleniti et perferendis. Qui et et ea omnis aut minima sunt. Fugit enim sint et fugit. Animi accusamus et et et.', NULL, NULL),
	(5, 'suscipit illo rerum', 'Illo velit eius accusantium veniam. Reiciendis architecto dolor ut ut perspiciatis labore. Et neque perferendis et pariatur voluptatem. Voluptas ducimus enim quia natus sit veniam eos esse. Harum sunt odio maiores. Omnis voluptatem exercitationem quia sint. Alias quidem itaque est id quos aut totam corrupti. Et assumenda distinctio asperiores iure quo quis. Rerum repellat debitis molestiae eaque sit. Aliquid rerum voluptas voluptatibus et error occaecati consectetur.', NULL, NULL);

-- Дамп структуры для таблица filmhunter.users
CREATE TABLE IF NOT EXISTS `users` (
  `id` bigint unsigned NOT NULL AUTO_INCREMENT,
  `name` varchar(255) COLLATE utf8mb4_unicode_ci NOT NULL,
  `is_admin` tinyint(1) NOT NULL DEFAULT '0',
  `phone_number` varchar(255) COLLATE utf8mb4_unicode_ci NOT NULL,
  `email` varchar(255) COLLATE utf8mb4_unicode_ci NOT NULL,
  `avatar` varchar(255) COLLATE utf8mb4_unicode_ci DEFAULT NULL,
  `password` varchar(255) COLLATE utf8mb4_unicode_ci NOT NULL,
  `remember_token` varchar(100) COLLATE utf8mb4_unicode_ci DEFAULT NULL,
  `created_at` timestamp NULL DEFAULT NULL,
  `updated_at` timestamp NULL DEFAULT NULL,
  `deleted_at` timestamp NULL DEFAULT NULL,
  PRIMARY KEY (`id`),
  UNIQUE KEY `users_phone_number_unique` (`phone_number`),
  UNIQUE KEY `users_email_unique` (`email`)
) ENGINE=InnoDB AUTO_INCREMENT=92 DEFAULT CHARSET=utf8mb4 COLLATE=utf8mb4_unicode_ci;

-- Дамп данных таблицы filmhunter.users: ~91 rows (приблизительно)
INSERT INTO `users` (`id`, `name`, `is_admin`, `phone_number`, `email`, `avatar`, `password`, `remember_token`, `created_at`, `updated_at`, `deleted_at`) VALUES
	(1, 'Sergey Tykvov', 1, '12345678', 'egorsha2005@gmail.com', NULL, '$2y$12$qeWLhXybSeBkLlUh4znUouqsv5fszbz7fFvAcMfg3zrurrM064vma', NULL, '2024-09-24 08:20:49', '2024-09-24 08:20:49', NULL),
	(2, 'Elody Sanford', 0, '+1-850-515-8852', 'alockman@example.net', NULL, '$2y$12$KAzAbWLv9FokuK9.9uX9LuLtkpkFueoaXySJKs75WHygTqx3/e422', NULL, '2024-09-24 08:21:11', '2024-09-24 08:21:11', NULL),
	(3, 'Jeffery Ruecker', 0, '1-913-644-1918', 'fmcdermott@example.org', NULL, '$2y$12$1Eiyu9GsQamZ/QPueE73CuOs8AlQclX.YFl6t4pQkdOHH49AHibCO', NULL, '2024-09-24 08:21:11', '2024-09-24 08:21:11', NULL),
	(4, 'Brigitte Bradtke Sr.', 0, '(678) 978-2549', 'cpurdy@example.org', NULL, '$2y$12$wVHq8U88H9.n49VRiio7vueN1mn.E67qwJsfuA6dMI81ksOXe8Hvy', NULL, '2024-09-24 08:21:11', '2024-09-24 08:21:11', NULL),
	(5, 'Trenton Stamm', 0, '445.328.6014', 'breilly@example.net', NULL, '$2y$12$Bfhm246sV0e9DvLWlbRenuR1DOdBHRqRXw/sEKeSHFcx6.pUwsmnW', NULL, '2024-09-24 08:21:11', '2024-09-24 08:21:11', NULL),
	(6, 'Silas Friesen', 0, '+1-316-458-0986', 'gwen85@example.org', NULL, '$2y$12$eDkCfgtYt3xFgh3vG5o4h.Aud.GIhkhOqzntmewNu311/oVEtTp7W', NULL, '2024-09-24 08:21:11', '2024-09-24 08:21:11', NULL),
	(7, 'Jesus Ward', 0, '+15718939982', 'gstehr@example.net', NULL, '$2y$12$CuKkLAnMgG3SM/6hYV7bgOwZhIlOu6w2z7FWY9bSxnSOh/vnJBVhG', NULL, '2024-09-24 08:21:11', '2024-09-24 08:21:11', NULL),
	(8, 'Baby Hill', 0, '531.679.0301', 'vokon@example.net', NULL, '$2y$12$D317EGeECsNtFyerexxZ4.YgdkjPa4BZCveNWgm0hYBJ2kLF6IYdS', NULL, '2024-09-24 08:21:11', '2024-09-24 08:21:11', NULL),
	(9, 'Yoshiko Ratke', 0, '+16063000098', 'iankunding@example.com', NULL, '$2y$12$1Tu5KeNxuD.O8WKX1poscuWYN7L9n7iIlmo0q/LXSaNtYIHrf0Wa.', NULL, '2024-09-24 08:21:11', '2024-09-24 08:21:11', NULL),
	(10, 'Meaghan Kunze', 0, '1-631-493-9542', 'wisozk.jeffry@example.com', NULL, '$2y$12$qbUQU8y2LxoGpxe.SeEA2.biszMWRQE4uqK7jDsIi8gC8bUxZHdk.', NULL, '2024-09-24 08:21:11', '2024-09-24 08:21:11', NULL),
	(11, 'Dr. Reagan Bradtke DDS', 0, '1-626-718-0693', 'thaley@example.net', NULL, '$2y$12$aLtTruyX5i9G.Iwpj6HToOGDRnpjUftYrvfn1/Q2co4aQgqiJaUi2', NULL, '2024-09-24 08:21:11', '2024-09-24 08:21:11', NULL),
	(12, 'Flavie Breitenberg', 0, '279-307-9120', 'ynitzsche@example.com', NULL, '$2y$12$DN6ukrPm/nd7n1JxWZmzPOnlC.O3yzRLBrqL.cBdIWbYb9ClOQ/ey', NULL, '2024-09-24 08:21:11', '2024-09-24 08:21:11', NULL),
	(13, 'Francesco Feil', 0, '(737) 583-1670', 'klueilwitz@example.com', NULL, '$2y$12$ywOdhffdI0zzQuUOa1/qgO7NLfGyCg99lpsSO8GVe.WJydtvRLlXS', NULL, '2024-09-24 08:21:11', '2024-09-24 08:21:11', NULL),
	(14, 'Mr. Sven Upton MD', 0, '+1-845-295-1306', 'oheathcote@example.com', NULL, '$2y$12$K2OILwK6tNvyx0Q8HVHotO9dAiAmVWYB2/bJPQhG3b/8Bro8QK5S6', NULL, '2024-09-24 08:21:11', '2024-09-24 08:21:11', NULL),
	(15, 'Lorena Mante', 0, '(501) 360-6493', 'roberts.monserrate@example.org', NULL, '$2y$12$UUN9GaUsg9KsKLv39DxZde.Rpxx/9w8RNIusF5QxiWoG7pOfs7cfG', NULL, '2024-09-24 08:21:11', '2024-09-24 08:21:11', NULL),
	(16, 'Mr. Nels Schultz Sr.', 0, '1-534-394-7194', 'delores76@example.net', NULL, '$2y$12$8mc8BrjBxCF0ewflKCcbY.ldcSgir76dp5SbGjk9gveIygbnEDLnW', NULL, '2024-09-24 08:21:11', '2024-09-24 08:21:11', NULL),
	(17, 'Walker Gibson', 0, '(601) 336-6632', 'soledad.mertz@example.net', NULL, '$2y$12$kaCa/cGUE/WBa1jvmR9kjuvOzyrfobiBewoU3ZZHITHWVnl55EOdu', NULL, '2024-09-24 08:21:11', '2024-09-24 08:21:11', NULL),
	(18, 'Maximus Schinner III', 0, '+13803601173', 'xkeeling@example.com', NULL, '$2y$12$RypnygasL.FnFhOZfCiNNeX923mww5ei05R0mtrzDC/zvsAvd/DWK', NULL, '2024-09-24 08:21:11', '2024-09-24 08:21:11', NULL),
	(19, 'Dessie Haag', 0, '1-848-617-8546', 'sgulgowski@example.org', NULL, '$2y$12$dUVjVNS7BzZfjyUJoW0u8eJ1XAhc56kFYtVHf4F1sio9UgS3s77mS', NULL, '2024-09-24 08:21:11', '2024-09-24 08:21:11', NULL),
	(20, 'Ernest Jenkins', 0, '+1.270.463.9834', 'ken45@example.net', NULL, '$2y$12$XLhdHFRRZuxoDkvpN0nS3e0lEnqwFbONnWKVvseWMzh5ZD4evT9E6', NULL, '2024-09-24 08:21:11', '2024-09-24 08:21:11', NULL),
	(21, 'Coralie Powlowski', 0, '+1-475-951-0901', 'jsanford@example.org', NULL, '$2y$12$jK3BVb5DW4pyrqTWQFaZ7eD9lIwoZk8tDlF/t4Tw/WPQtbVBKpSHa', NULL, '2024-09-24 08:21:11', '2024-09-24 08:21:11', NULL),
	(22, 'Willis Schultz', 0, '+1-985-215-8555', 'immanuel.west@example.net', NULL, '$2y$12$SWhMz0S4to0aIA7ux0300.HctCsy6moe9D/uRlz0dxnOKXcv6Y1FS', NULL, '2024-09-24 08:21:11', '2024-09-24 08:21:11', NULL),
	(23, 'Ms. Jaclyn Friesen Sr.', 0, '907.322.6158', 'laurie61@example.net', NULL, '$2y$12$aZbmPS/Y/HKDuAtW3jnVr.e9ZRofKsx5b5MpFrbqdY9x7wlZ2b.c2', NULL, '2024-09-24 08:21:11', '2024-09-24 08:21:11', NULL),
	(24, 'Amiya Murray', 0, '+1-704-475-3611', 'wilhelmine67@example.org', NULL, '$2y$12$AY9qZnMzIHvumu3RSAjswud1JRgIlpGPxucUd59L6sVAfBKOqSvMW', NULL, '2024-09-24 08:21:11', '2024-09-24 08:21:11', NULL),
	(25, 'Darwin Denesik', 0, '+1-256-714-2098', 'kaia47@example.org', NULL, '$2y$12$fz6EhE8e7aM8H/eNqdrqFOPk9fK7j0o2tW1iSBN/P4Xg/eMAxsBd.', NULL, '2024-09-24 08:21:11', '2024-09-24 08:21:11', NULL),
	(26, 'Jermey Marvin', 0, '1-657-797-7402', 'reichel.declan@example.com', NULL, '$2y$12$JXGtlJ/j9eBbDk.XPG6kf.0if3Y.txxj2xJUNX7N93.LBdbL7leoq', NULL, '2024-09-24 08:21:11', '2024-09-24 08:21:11', NULL),
	(27, 'Emile Waelchi Jr.', 0, '737.609.9022', 'conroy.xavier@example.net', NULL, '$2y$12$egHN001EUDwHC/NzAVflHuYdcTyMuDL8SXtjCwRZ.c8ROxwWRNk.O', NULL, '2024-09-24 08:21:11', '2024-09-24 08:21:11', NULL),
	(28, 'Jarrod Bins Jr.', 0, '818-795-9163', 'mccullough.bertrand@example.org', NULL, '$2y$12$2RZ23bW0GO3g5SgevTMqg.gSMWliY8nFBLt9EoQGzA9bmGPJC4VfC', NULL, '2024-09-24 08:21:11', '2024-09-24 08:21:11', NULL),
	(29, 'Deshaun Mann', 0, '920-554-2677', 'fritsch.jermaine@example.com', NULL, '$2y$12$Xkn7wWqfYS2ein.oiDd1zOf1wtg.dnDr7zm8STeFs5jxVsHTZKPnG', NULL, '2024-09-24 08:21:11', '2024-09-24 08:21:11', NULL),
	(30, 'Ms. Dariana Nikolaus II', 0, '1-351-958-5253', 'freeman61@example.com', NULL, '$2y$12$cNaEm.0IGdCRP.AjAVeo7uXQWXlLJRifKebjR23HDzvE1NNNUtZvS', NULL, '2024-09-24 08:21:11', '2024-09-24 08:21:11', NULL),
	(31, 'Monserrat Cartwright MD', 0, '+1-407-946-0307', 'euna.streich@example.org', NULL, '$2y$12$PoWvnHqD.foFaGLCzwf3UezxPBDKFLDhGUY0Y8FpxUNU73ifZzRIu', NULL, '2024-09-24 08:21:11', '2024-09-24 08:21:11', NULL),
	(32, 'Esmeralda Runte', 0, '(223) 604-6436', 'eldridge92@example.net', NULL, '$2y$12$jk6kCvi77Mb7l/PdtwFu5eh07TTgMO7pCMNfuvIkgy..UvwlPeGlq', NULL, '2024-09-24 08:21:11', '2024-09-24 08:21:11', NULL),
	(33, 'Emilio Jerde', 0, '(339) 895-1355', 'emacejkovic@example.com', NULL, '$2y$12$BH6R7Nk/nnglzV2X1rSe.ef2ExkqSwgY.gmWF/O2WM9XcJsdNGfC.', NULL, '2024-09-24 08:21:11', '2024-09-24 08:21:11', NULL),
	(34, 'Grover Davis', 0, '1-628-270-1814', 'heidenreich.ray@example.com', NULL, '$2y$12$USgA7MdJ0ca7WY4Vu52kZuSYqR.ICpBR9cqCsRvaLeVhFYqmZEKPq', NULL, '2024-09-24 08:21:11', '2024-09-24 08:21:11', NULL),
	(35, 'Prof. Jeromy Crist', 0, '+1-862-683-8472', 'hahn.libbie@example.net', NULL, '$2y$12$bBeZM8zUH//xPk21HmGfq.4SzNv4CyOxWWKYDEBLbUgvKPTrmdYFW', NULL, '2024-09-24 08:21:11', '2024-09-24 08:21:11', NULL),
	(36, 'Jarret Wyman Sr.', 0, '1-361-321-7327', 'audreanne.keebler@example.net', NULL, '$2y$12$xy5uA6E.1S/zFq/AfzeysOgXut6LVuryDVro.R2zLsFR7QHd9EG2S', NULL, '2024-09-24 08:21:11', '2024-09-24 08:21:11', NULL),
	(37, 'Virgil Schiller Jr.', 0, '1-660-750-6628', 'columbus62@example.net', NULL, '$2y$12$zXVlYeJlraK844V2T/7cBu5zYno1B5503Lu/XJ0TqiDEj5kYKNnJS', NULL, '2024-09-24 08:21:11', '2024-09-24 08:21:11', NULL),
	(38, 'Hailee Flatley', 0, '254.904.9899', 'leila.kemmer@example.org', NULL, '$2y$12$BQcH6MGUHX4lT15s3EL0BOy8HfarMcA0sWd7Zgz98A5BFKJ3YSmtu', NULL, '2024-09-24 08:21:11', '2024-09-24 08:21:11', NULL),
	(39, 'Winnifred Veum III', 0, '+1-786-245-1872', 'gregorio.gottlieb@example.net', NULL, '$2y$12$Utpaxt74FvZi1nMFBYtPBe3yGxkl7jgsUmtL2XL.qwvBiJtKB4S3C', NULL, '2024-09-24 08:21:11', '2024-09-24 08:21:11', NULL),
	(40, 'Amie Lueilwitz', 0, '1-479-285-9444', 'imann@example.org', NULL, '$2y$12$adRdTlaM/rhhQsNMzPYwlu8K/MvOxZzNxFQP93CvWYKwjHDQnzrAq', NULL, '2024-09-24 08:21:11', '2024-09-24 08:21:11', NULL),
	(41, 'Jason Schimmel', 0, '201.225.3249', 'sauer.amaya@example.net', NULL, '$2y$12$NpmnPEoXNf3IJtDWIIGTpepq88Z.YGbXy/8mq3YkQTP1de5AgZ1zi', NULL, '2024-09-24 08:21:11', '2024-09-24 08:21:11', NULL),
	(42, 'Dr. Stanley Goyette', 0, '1-321-377-6493', 'elvie78@example.net', NULL, '$2y$12$nSYrWZH3jPdKJmHUVDz55Ocybag7UaxiCSvjtQWOU2UVf57cQzZgy', NULL, '2024-09-24 08:21:11', '2024-09-24 08:21:11', NULL),
	(43, 'Mr. Ludwig Wiza MD', 0, '585-861-6234', 'rsatterfield@example.net', NULL, '$2y$12$hiAmS6AfAsXV3hPHuPU1v.QznAx3cDjAF8ZT98zWVGEYMvjFh9OGy', NULL, '2024-09-24 08:21:11', '2024-09-24 08:21:11', NULL),
	(44, 'Mr. Ladarius Barton', 0, '1-629-640-0586', 'carleton.nienow@example.com', NULL, '$2y$12$jPrc2XFzJPf50GWtqZmUyeuo5fhL0d//L9lgcGwlS/LoM4jrvavy2', NULL, '2024-09-24 08:21:11', '2024-09-24 08:21:11', NULL),
	(45, 'Lyric Runolfsson', 0, '(860) 423-6402', 'mitchel79@example.net', NULL, '$2y$12$JjjFxYxJwQe8cfbLCsR0cOJp5FPyjc4LwI4h196XFZQivcW2NMSP6', NULL, '2024-09-24 08:21:11', '2024-09-24 08:21:11', NULL),
	(46, 'Ubaldo Hettinger', 0, '(629) 704-7294', 'mabelle.bartoletti@example.org', NULL, '$2y$12$bfFkVhMGucO95aCnTcKTeu7Vn7JB/p7A6otJ9T1wc4h/7x09ucaci', NULL, '2024-09-24 08:21:11', '2024-09-24 08:21:11', NULL),
	(47, 'Haleigh Gibson Jr.', 0, '1-713-973-7702', 'natalia.kling@example.net', NULL, '$2y$12$iIaqghzsxDfpDkFbnvIoX.hJYhBv9NqZXRmd/aGhs9HC6sqppie12', NULL, '2024-09-24 08:21:11', '2024-09-24 08:21:11', NULL),
	(48, 'Kassandra Cronin', 0, '1-220-610-5297', 'miracle.kreiger@example.com', NULL, '$2y$12$rFOCxv1H1yBtkx1ATxZHG.IbGUo4D5bm3RpDBaiLBqwzk00w9HT0G', NULL, '2024-09-24 08:21:11', '2024-09-24 08:21:11', NULL),
	(49, 'Dr. Reba Prohaska', 0, '+1-479-962-1324', 'nikolas.reinger@example.net', NULL, '$2y$12$OfS5a2bi61hvzRf4teLV6.NLSYpTmUJbHmx/xB1Jdp13p0fzzCJM.', NULL, '2024-09-24 08:21:11', '2024-09-24 08:21:11', NULL),
	(50, 'Mr. Kayleigh Baumbach IV', 0, '562.689.5552', 'xklocko@example.com', NULL, '$2y$12$6fPR01En90MH3hWosCIEs..xcLMZOH.JRMkUoNhkP/QMweo5mUnlG', NULL, '2024-09-24 08:21:11', '2024-09-24 08:21:11', NULL),
	(51, 'Krystina Welch', 0, '520-392-6627', 'marcia.gleason@example.org', NULL, '$2y$12$4udxiaLypRnbROl5lEGq9eoQ/vjmtm75j1VwPsqvR1ALV8Dx6gpFS', NULL, '2024-09-24 08:21:11', '2024-09-24 08:21:11', NULL),
	(52, 'Mr. Fausto Schuster', 0, '283-914-8732', 'solon.raynor@example.net', NULL, '$2y$12$OPak3G2cCEMuxqiUHtzFaeR2bq60hub4gNPr3zPQXHjFnmMeBXpuC', NULL, '2024-09-24 08:21:11', '2024-09-24 08:21:11', NULL),
	(53, 'Miss Lori Connelly', 0, '+16809632107', 'jast.mireille@example.net', NULL, '$2y$12$sOkm7QztnY74domVd00ZLu9DBniZD0VOqtsd7eKOtQfBrwrWpsYy2', NULL, '2024-09-24 08:21:11', '2024-09-24 08:21:11', NULL),
	(54, 'Prof. Marc Hauck V', 0, '(626) 537-5517', 'romaguera.nella@example.net', NULL, '$2y$12$xA9kGVcyyoPAjiCq7kttd.HXS0fYGOJqd8ysTmMZ7XRL6AepMER2u', NULL, '2024-09-24 08:21:11', '2024-09-24 08:21:11', NULL),
	(55, 'Lydia Jacobi PhD', 0, '+14084342854', 'delpha.hilpert@example.org', NULL, '$2y$12$AGLafsp4fp.ccFiUpHZB5OUAW5yV5kptQPL31Cr40nUmu/Y6KOVvC', NULL, '2024-09-24 08:21:11', '2024-09-24 08:21:11', NULL),
	(56, 'Summer Hayes', 0, '724-743-5336', 'laltenwerth@example.net', NULL, '$2y$12$RrVMpM1NK/vInOL5Oqki2OBgof35yvhJD9D7tFBKck865b7qzFiDq', NULL, '2024-09-24 08:21:11', '2024-09-24 08:21:11', NULL),
	(57, 'Andreanne Weissnat', 0, '509.971.7603', 'rodriguez.aliyah@example.com', NULL, '$2y$12$qYHaSxjRZJnpbDX.1vpXDuPgtoBUOV4TF3vvv7IFmdhP.L/tQZk0m', NULL, '2024-09-24 08:21:11', '2024-09-24 08:21:11', NULL),
	(58, 'Flossie Waelchi Jr.', 0, '210-512-1285', 'micheal.crona@example.net', NULL, '$2y$12$Gd/AVyapg0pGaQ0uL/M0V.GYOhcc2UD93jPOKTvZxKMAfJmlfrqKu', NULL, '2024-09-24 08:21:11', '2024-09-24 08:21:11', NULL),
	(59, 'Andrew Hintz DVM', 0, '+1-726-981-9553', 'kennedi.schamberger@example.net', NULL, '$2y$12$lG9p75gFWMdCj8tNKcIraO/FieI9toX5cdNzDhS0t42NTJmgxVbNC', NULL, '2024-09-24 08:21:11', '2024-09-24 08:21:11', NULL),
	(60, 'Gudrun Kunde Sr.', 0, '1-219-416-9207', 'bryce74@example.org', NULL, '$2y$12$gS76xfFfnFOQibs4TofOj.ccHHRQ4J3nGZLd6gSb3CA4xMwiv2Wiy', NULL, '2024-09-24 08:21:11', '2024-09-24 08:21:11', NULL),
	(61, 'Ms. Aylin Goodwin', 0, '979.205.1935', 'nelle82@example.org', NULL, '$2y$12$C2TEewc0.egxc.ux1psdKeA5EjJkHl8dVCgSteisbO2I8HJPBliPC', NULL, '2024-09-24 08:21:11', '2024-09-24 08:21:11', NULL),
	(62, 'Gregory Wehner II', 0, '+1-458-415-3769', 'rosalia.koch@example.org', NULL, '$2y$12$kQ.5682wcNEVLjMvIlc3fOt.7zAtMM4SlcjmXVHGfGnbe36UA8Tg.', NULL, '2024-09-24 08:21:11', '2024-09-24 08:21:11', NULL),
	(63, 'Ms. Lupe Bins', 0, '+1.430.449.8751', 'arobel@example.com', NULL, '$2y$12$LoMlcN7qXggnOu7wZEcbTO8xO0E3efsBtrHXXn6vEcrDU6m24Z/ju', NULL, '2024-09-24 08:21:11', '2024-09-24 08:21:11', NULL),
	(64, 'Jaida Hammes', 0, '1-614-510-9113', 'shills@example.com', NULL, '$2y$12$C.nrmyM5UiQA/7rCNSCwNOGGMZTCgHuQLnijaZYy8FXa7ZcC.ErwG', NULL, '2024-09-24 08:21:11', '2024-09-24 08:21:11', NULL),
	(65, 'Cole Leuschke', 0, '469-748-4927', 'wdibbert@example.com', NULL, '$2y$12$FdEsjgegsxa3e5pWZ0hA9eqkg/PUXky3ZaNrZolfBFCl5GB3S9.2S', NULL, '2024-09-24 08:21:11', '2024-09-24 08:21:11', NULL),
	(66, 'Ms. Florida Gaylord', 0, '319.712.9626', 'turcotte.lizeth@example.net', NULL, '$2y$12$x5nJ6Gw6oniEUNhJbJPkv.x6dp8DEGh9oaW0oj1zQCnfxjOCA/cDG', NULL, '2024-09-24 08:21:11', '2024-09-24 08:21:11', NULL),
	(67, 'Bessie Doyle', 0, '757.268.3340', 'ischinner@example.net', NULL, '$2y$12$wDKnS9qU4PPxG2syWHrMuuzNu/QvCWgdt26H4G1Wr0poS1B1wukaK', NULL, '2024-09-24 08:21:11', '2024-09-24 08:21:11', NULL),
	(68, 'Lyda Graham', 0, '626-223-3724', 'quinn45@example.org', NULL, '$2y$12$6XtgVdFX1/E0UAUXYZjRte9313ohgBX6KPOqeqgaFo/w0lvbFbf4.', NULL, '2024-09-24 08:21:11', '2024-09-24 08:21:11', NULL),
	(69, 'Kristoffer Buckridge', 0, '+1-951-697-7860', 'zjohnston@example.org', NULL, '$2y$12$Pt6/JmLCcVslR3TWxGO7fuJPCjYiSz5ewu6whAg77FzHptYdIfGBW', NULL, '2024-09-24 08:21:11', '2024-09-24 08:21:11', NULL),
	(70, 'Prof. Eveline Wyman DDS', 0, '+14047937984', 'gordon44@example.org', NULL, '$2y$12$2ZSt8mxGu4ffpG/mDzLouefLHXtvsebQBrROK5E6.LoP82BC88NLW', NULL, '2024-09-24 08:21:11', '2024-09-24 08:21:11', NULL),
	(71, 'Odell Kutch', 0, '1-830-261-1897', 'homenick.tyra@example.org', NULL, '$2y$12$zD2BKl4HiWvX89KCdJSOW.p92I1HdkqxesOM9nV.VQqjAFcL1s8B2', NULL, '2024-09-24 08:21:11', '2024-09-24 08:21:11', NULL),
	(72, 'Brad Hauck III', 0, '1-636-603-2555', 'roderick74@example.net', NULL, '$2y$12$Q.XSdMvW5jqZcapXsk93JekwKThRpdOeM9a/aAkEe91zx.EifF3Ca', NULL, '2024-09-24 08:21:11', '2024-09-24 08:21:11', NULL),
	(73, 'Diamond Schulist', 0, '+1.260.452.2510', 'volkman.ian@example.org', NULL, '$2y$12$5clecxbF19PXy1ql/HFnAuzoooUATIxz8Rp5UkewnaJvDNyfocNCi', NULL, '2024-09-24 08:21:11', '2024-09-24 08:21:11', NULL),
	(74, 'Dayne Buckridge', 0, '1-458-814-7368', 'sally.hauck@example.net', NULL, '$2y$12$ABZwjL06RbL0I6ae6mn68utCII40MfswWOSEBoHI17CItSiGdUqGC', NULL, '2024-09-24 08:21:11', '2024-09-24 08:21:11', NULL),
	(75, 'Mr. Demond Balistreri', 0, '1-619-466-7179', 'vivian.swaniawski@example.org', NULL, '$2y$12$nvu11ZEgjWP22jjPnKG6KO4LirqImutJHOwADpn3tLAQ44xACLGWW', NULL, '2024-09-24 08:21:11', '2024-09-24 08:21:11', NULL),
	(76, 'Shirley Toy IV', 0, '+17187894897', 'mario56@example.net', NULL, '$2y$12$JbDZfZNVNijOMNUfEzWTbu1bxP9b3UqHIjCOcQVEHDV7./fdf417K', NULL, '2024-09-24 08:21:11', '2024-09-24 08:21:11', NULL),
	(77, 'Yolanda Wiegand Jr.', 0, '+1.253.368.9095', 'era52@example.net', NULL, '$2y$12$UHjzOUD2Io84dN8BH.RAO.AbIBz9YeXfMIlRCdzwDImddFuvcf04e', NULL, '2024-09-24 08:21:11', '2024-09-24 08:21:11', NULL),
	(78, 'Celestine Monahan', 0, '870-634-2262', 'daniel.jerel@example.org', NULL, '$2y$12$Tli4ylkVwi567wZzSs1W6.sg9JWqNEWZ41.JiQYUGsrsEkOckW8na', NULL, '2024-09-24 08:21:11', '2024-09-24 08:21:11', NULL),
	(79, 'Prof. Hershel Gleichner I', 0, '+19787153869', 'elisha93@example.net', NULL, '$2y$12$xoiVN3H5nCRQYih8Qr3.euY025jNb7LTXiq7x8pGStkh6K75jzyBS', NULL, '2024-09-24 08:21:11', '2024-09-24 08:21:11', NULL),
	(80, 'Merle Pouros', 0, '585-981-6197', 'kozey.idella@example.com', NULL, '$2y$12$cxvCK4.4iWAh3cOyeNnwBu59.AK7dmkwVjV0PrItHRUxcKnEnBY8G', NULL, '2024-09-24 08:21:11', '2024-09-24 08:21:11', NULL),
	(81, 'Mr. Ethan Lakin', 0, '(859) 286-9624', 'tabitha.barrows@example.org', NULL, '$2y$12$KpSqvnDMD4ztf.JdpX/68.lo2eZa5uBqVrxHs6G0AEqN0AmZnpX3S', NULL, '2024-09-24 08:21:11', '2024-09-24 08:21:11', NULL),
	(82, 'Miss Mozelle Corwin', 0, '+1.662.604.2316', 'cbeier@example.net', NULL, '$2y$12$thFZc1YdQxdRuZhOw2pb9uJU2CTSE8LKClNIdjVDmP5jiJtMoLFNu', NULL, '2024-09-24 08:21:11', '2024-09-24 08:21:11', NULL),
	(83, 'Cora Boyer DDS', 0, '973-830-4943', 'lherman@example.org', NULL, '$2y$12$kfTM9Dwbj/eanzGaV8QsQu.kl8aTrzOYYViCKGo0E2KnO9g7fLw3m', NULL, '2024-09-24 08:21:11', '2024-09-24 08:21:11', NULL),
	(84, 'Mr. Davon Stoltenberg IV', 0, '+1-269-729-4238', 'lkoss@example.com', NULL, '$2y$12$AMmts2opX6iXH7ADS5yE9ODCnLtfxp1OdunFci/zqqhcTx3GS9NuW', NULL, '2024-09-24 08:21:11', '2024-09-24 08:21:11', NULL),
	(85, 'Brenna Paucek', 0, '(281) 228-0206', 'alexis.bruen@example.com', NULL, '$2y$12$PHwvKsNrBWpNSxaK/ZF.3e/lJRuqtp4QZ3.26OJJ8b.ldajLZZ.P6', NULL, '2024-09-24 08:21:11', '2024-09-24 08:21:11', NULL),
	(86, 'Prof. Brenna Pfannerstill', 0, '423.722.9468', 'bruen.caleigh@example.com', NULL, '$2y$12$c48oy/u6LuhJIG.HgK0x1.oPKIxOY0xD4FPZaUA.vjS4wt2LftkbK', NULL, '2024-09-24 08:21:11', '2024-09-24 08:21:11', NULL),
	(87, 'Alicia Bailey', 0, '1-352-356-4946', 'tquigley@example.net', NULL, '$2y$12$AV4HHgb1sndRsCwrm0oN0O9KExWVO2KhcRdmcKx27X8uq4Zz1Vvsm', NULL, '2024-09-24 08:21:11', '2024-09-24 08:21:11', NULL),
	(88, 'Ms. Reanna Davis', 0, '1-318-286-0525', 'jo.feil@example.org', NULL, '$2y$12$K2x6zaRVsUWRm7QRj4Yto.fFRdJ8NfFHqIHIyNWeqV/UH91L6C74C', NULL, '2024-09-24 08:21:11', '2024-09-24 08:21:11', NULL),
	(89, 'Laron Bosco MD', 0, '(605) 273-1250', 'vandervort.myles@example.com', NULL, '$2y$12$Lp0zyBw/y/cA5HVov5462upe5zUUjpFWt8klrJIcgZJ1l7BKa8XCK', NULL, '2024-09-24 08:21:11', '2024-09-24 08:21:11', NULL),
	(90, 'Selena Dooley', 0, '(947) 204-6928', 'pfeffer.rod@example.com', NULL, '$2y$12$rfzkZUUm1QtVHHF/IE36YuaekUNxt91QfPuqXz7Ce7uasjZqvl64q', NULL, '2024-09-24 08:21:11', '2024-09-24 08:21:11', NULL),
	(91, 'Nels Abbott', 0, '+18168757803', 'dominique75@example.com', NULL, '$2y$12$m/hjXLUEWnFI80HJJU/vkeLQtl/74hGTCsXo4vHpQW9Jnd0/GfgLi', NULL, '2024-09-24 08:21:11', '2024-09-24 08:21:11', NULL);

/*!40103 SET TIME_ZONE=IFNULL(@OLD_TIME_ZONE, 'system') */;
/*!40101 SET SQL_MODE=IFNULL(@OLD_SQL_MODE, '') */;
/*!40014 SET FOREIGN_KEY_CHECKS=IFNULL(@OLD_FOREIGN_KEY_CHECKS, 1) */;
/*!40101 SET CHARACTER_SET_CLIENT=@OLD_CHARACTER_SET_CLIENT */;
/*!40111 SET SQL_NOTES=IFNULL(@OLD_SQL_NOTES, 1) */;
