-- --------------------------------------------------------
-- Хост:                         127.0.0.1
-- Версия сервера:               8.0.30 - MySQL Community Server - GPL
-- Операционная система:         Win64
-- HeidiSQL Версия:              12.1.0.6537
-- --------------------------------------------------------

/*!40101 SET @OLD_CHARACTER_SET_CLIENT=@@CHARACTER_SET_CLIENT */;
/*!40101 SET NAMES utf8 */;
/*!50503 SET NAMES utf8mb4 */;
/*!40103 SET @OLD_TIME_ZONE=@@TIME_ZONE */;
/*!40103 SET TIME_ZONE='+00:00' */;
/*!40014 SET @OLD_FOREIGN_KEY_CHECKS=@@FOREIGN_KEY_CHECKS, FOREIGN_KEY_CHECKS=0 */;
/*!40101 SET @OLD_SQL_MODE=@@SQL_MODE, SQL_MODE='NO_AUTO_VALUE_ON_ZERO' */;
/*!40111 SET @OLD_SQL_NOTES=@@SQL_NOTES, SQL_NOTES=0 */;


-- Дамп структуры базы данных filmhunter
CREATE DATABASE IF NOT EXISTS `filmhunter` /*!40100 DEFAULT CHARACTER SET utf8mb4 COLLATE utf8mb4_general_ci */ /*!80016 DEFAULT ENCRYPTION='N' */;
USE `filmhunter`;

-- Дамп структуры для таблица filmhunter.comments
CREATE TABLE IF NOT EXISTS `comments` (
  `id` bigint unsigned NOT NULL AUTO_INCREMENT,
  `user_id` bigint unsigned NOT NULL,
  `film_id` bigint unsigned NOT NULL,
  `comment` text COLLATE utf8mb4_unicode_ci NOT NULL,
  `created_at` timestamp NULL DEFAULT NULL,
  `updated_at` timestamp NULL DEFAULT NULL,
  `deleted_at` timestamp NULL DEFAULT NULL,
  PRIMARY KEY (`id`),
  KEY `comments_user_id_foreign` (`user_id`),
  KEY `comments_film_id_foreign` (`film_id`),
  CONSTRAINT `comments_film_id_foreign` FOREIGN KEY (`film_id`) REFERENCES `films` (`id`) ON DELETE CASCADE,
  CONSTRAINT `comments_user_id_foreign` FOREIGN KEY (`user_id`) REFERENCES `users` (`id`) ON DELETE CASCADE
) ENGINE=InnoDB AUTO_INCREMENT=151 DEFAULT CHARSET=utf8mb4 COLLATE=utf8mb4_unicode_ci;

-- Дамп данных таблицы filmhunter.comments: ~150 rows (приблизительно)
INSERT INTO `comments` (`id`, `user_id`, `film_id`, `comment`, `created_at`, `updated_at`, `deleted_at`) VALUES
	(1, 95, 6, 'Et rem ea rerum consequatur sed hic id iure.', '2024-10-01 07:16:56', '2024-10-01 07:16:56', NULL),
	(2, 124, 9, 'Est porro earum labore qui molestiae tenetur fugit quod.', '2024-10-01 07:16:56', '2024-10-01 07:16:56', NULL),
	(3, 65, 3, 'Quisquam nemo impedit eos aliquid.', '2024-10-01 07:16:56', '2024-10-01 07:16:56', NULL),
	(4, 37, 2, 'Libero voluptatem nisi quam rem.', '2024-10-01 07:16:56', '2024-10-01 07:16:56', NULL),
	(5, 115, 14, 'Aut officiis qui dolores qui.', '2024-10-01 07:16:56', '2024-10-01 07:16:56', NULL),
	(6, 15, 4, 'Et voluptate aliquam ducimus eaque nesciunt quisquam.', '2024-10-01 07:16:56', '2024-10-01 07:16:56', NULL),
	(7, 151, 13, 'Officiis dolor ut illo reprehenderit velit inventore dolor.', '2024-10-01 07:16:56', '2024-10-01 07:16:56', NULL),
	(8, 7, 9, 'Tenetur harum laboriosam et inventore praesentium sint autem.', '2024-10-01 07:16:56', '2024-10-01 07:16:56', NULL),
	(9, 33, 7, 'Rerum enim est atque quasi excepturi.', '2024-10-01 07:16:56', '2024-10-01 07:16:56', NULL),
	(10, 131, 3, 'Voluptas quibusdam voluptatem illum eos consequatur similique.', '2024-10-01 07:16:56', '2024-10-01 07:16:56', NULL),
	(11, 85, 5, 'Quos aliquid et molestiae tenetur velit optio cupiditate recusandae.', '2024-10-01 07:16:56', '2024-10-01 07:16:56', NULL),
	(12, 84, 13, 'Voluptatem est non et aut.', '2024-10-01 07:16:56', '2024-10-01 07:16:56', NULL),
	(13, 97, 13, 'Quas quaerat perspiciatis doloremque quis tempora qui repellendus sunt.', '2024-10-01 07:16:56', '2024-10-01 07:16:56', NULL),
	(14, 18, 2, 'Magni voluptatem quia fuga consectetur et cupiditate architecto ut.', '2024-10-01 07:16:56', '2024-10-01 07:16:56', NULL),
	(15, 17, 8, 'Vero ut id facere perspiciatis est illum.', '2024-10-01 07:16:56', '2024-10-01 07:16:56', NULL),
	(16, 16, 5, 'Qui eius debitis quis aut quisquam.', '2024-10-01 07:16:56', '2024-10-01 07:16:56', NULL),
	(17, 51, 3, 'Qui alias officiis numquam.', '2024-10-01 07:16:56', '2024-10-01 07:16:56', NULL),
	(18, 2, 14, 'Ut maxime omnis fugiat doloremque architecto.', '2024-10-01 07:16:56', '2024-10-01 07:16:56', NULL),
	(19, 112, 5, 'Cumque animi et dolores nulla commodi eum.', '2024-10-01 07:16:56', '2024-10-01 07:16:56', NULL),
	(20, 58, 10, 'Quisquam beatae ab voluptatibus odit accusamus sit autem.', '2024-10-01 07:16:56', '2024-10-01 07:16:56', NULL),
	(21, 140, 15, 'Exercitationem exercitationem occaecati et itaque similique laboriosam beatae harum.', '2024-10-01 07:16:56', '2024-10-01 07:16:56', NULL),
	(22, 85, 13, 'Dolor provident ut nemo nihil reiciendis unde.', '2024-10-01 07:16:56', '2024-10-01 07:16:56', NULL),
	(23, 83, 10, 'Est qui eum tempora error voluptas doloremque.', '2024-10-01 07:16:56', '2024-10-01 07:16:56', NULL),
	(24, 144, 7, 'Fugiat aliquam dolores quasi impedit architecto.', '2024-10-01 07:16:56', '2024-10-01 07:16:56', NULL),
	(25, 108, 12, 'Eos sed expedita dicta itaque culpa sint qui non.', '2024-10-01 07:16:56', '2024-10-01 07:16:56', NULL),
	(26, 23, 11, 'Fuga veritatis eos blanditiis enim impedit modi.', '2024-10-01 07:16:56', '2024-10-01 07:16:56', NULL),
	(27, 110, 6, 'Dolor dolore nihil mollitia doloremque fugiat.', '2024-10-01 07:16:56', '2024-10-01 07:16:56', NULL),
	(28, 107, 4, 'Magni eos et ut quo.', '2024-10-01 07:16:56', '2024-10-01 07:16:56', NULL),
	(29, 65, 5, 'Sint consequatur atque laborum dolorem cumque.', '2024-10-01 07:16:56', '2024-10-01 07:16:56', NULL),
	(30, 81, 10, 'Accusantium quas a cupiditate voluptatem quo similique suscipit.', '2024-10-01 07:16:56', '2024-10-01 07:16:56', NULL),
	(31, 135, 11, 'Earum sed blanditiis dignissimos commodi et.', '2024-10-01 07:16:56', '2024-10-01 07:16:56', NULL),
	(32, 137, 5, 'Esse fugit autem sit dolores.', '2024-10-01 07:16:56', '2024-10-01 07:16:56', NULL),
	(33, 63, 4, 'Dolore et possimus soluta.', '2024-10-01 07:16:56', '2024-10-01 07:16:56', NULL),
	(34, 116, 15, 'Debitis qui quas non quo quae eligendi in.', '2024-10-01 07:16:56', '2024-10-01 07:16:56', NULL),
	(35, 9, 4, 'Explicabo deserunt reiciendis veniam rerum.', '2024-10-01 07:16:56', '2024-10-01 07:16:56', NULL),
	(36, 9, 12, 'Dolore corrupti corrupti dolorem.', '2024-10-01 07:16:56', '2024-10-01 07:16:56', NULL),
	(37, 11, 3, 'Sunt rerum molestias qui.', '2024-10-01 07:16:56', '2024-10-01 07:16:56', NULL),
	(38, 62, 5, 'Accusantium quasi voluptatem perferendis sed doloremque accusantium.', '2024-10-01 07:16:56', '2024-10-01 07:16:56', NULL),
	(39, 5, 9, 'Aut laborum aliquid alias quis hic perferendis.', '2024-10-01 07:16:56', '2024-10-01 07:16:56', NULL),
	(40, 106, 11, 'Aut voluptates aut non et.', '2024-10-01 07:16:56', '2024-10-01 07:16:56', NULL),
	(41, 54, 13, 'Nisi qui qui minus eaque dolor velit nesciunt enim.', '2024-10-01 07:16:56', '2024-10-01 07:16:56', NULL),
	(42, 32, 6, 'Saepe quia ipsam dicta fuga consequatur blanditiis incidunt et.', '2024-10-01 07:16:56', '2024-10-01 07:16:56', NULL),
	(43, 54, 12, 'Accusamus quod perferendis eum voluptas.', '2024-10-01 07:16:56', '2024-10-01 07:16:56', NULL),
	(44, 26, 12, 'Tempore repudiandae maxime nostrum cumque totam.', '2024-10-01 07:16:56', '2024-10-01 07:16:56', NULL),
	(45, 92, 9, 'Dolores et veniam consequuntur corporis eius.', '2024-10-01 07:16:56', '2024-10-01 07:16:56', NULL),
	(46, 55, 4, 'Sint est dolor rerum dolores consectetur itaque et.', '2024-10-01 07:16:56', '2024-10-01 07:16:56', NULL),
	(47, 2, 13, 'Eveniet eos optio corrupti a quo.', '2024-10-01 07:16:56', '2024-10-01 07:16:56', NULL),
	(48, 116, 7, 'Ipsa aut aliquid quia et.', '2024-10-01 07:16:56', '2024-10-01 07:16:56', NULL),
	(49, 98, 2, 'Nemo itaque iure omnis cum maiores est.', '2024-10-01 07:16:56', '2024-10-01 07:16:56', NULL),
	(50, 129, 4, 'Quod voluptatibus mollitia eum doloribus corporis.', '2024-10-01 07:16:56', '2024-10-01 07:16:56', NULL),
	(51, 76, 3, 'Sit corporis et beatae.', '2024-10-01 07:16:56', '2024-10-01 07:16:56', NULL),
	(52, 104, 3, 'Doloremque tenetur rem eius corporis.', '2024-10-01 07:16:56', '2024-10-01 07:16:56', NULL),
	(53, 153, 10, 'Nemo atque earum rerum sit facilis magnam vitae.', '2024-10-01 07:16:56', '2024-10-01 07:16:56', NULL),
	(54, 21, 10, 'Quae iure dolorum repellendus dolor.', '2024-10-01 07:16:56', '2024-10-01 07:16:56', NULL),
	(55, 66, 15, 'Ea hic necessitatibus quod aliquid.', '2024-10-01 07:16:56', '2024-10-01 07:16:56', NULL),
	(56, 108, 7, 'Iure molestiae delectus est omnis ut consequatur distinctio.', '2024-10-01 07:16:56', '2024-10-01 07:16:56', NULL),
	(57, 134, 1, 'Officia aliquam id vitae non dolores et.', '2024-10-01 07:16:56', '2024-10-01 07:16:56', NULL),
	(58, 10, 6, 'Et repudiandae laudantium voluptate sequi dolores ex.', '2024-10-01 07:16:56', '2024-10-01 07:16:56', NULL),
	(59, 48, 14, 'Et sapiente esse ut.', '2024-10-01 07:16:56', '2024-10-01 07:16:56', NULL),
	(60, 123, 11, 'Non et et omnis maiores ducimus voluptatum.', '2024-10-01 07:16:56', '2024-10-01 07:16:56', NULL),
	(61, 2, 6, 'A ut optio sit et qui omnis velit.', '2024-10-01 07:16:56', '2024-10-01 07:16:56', NULL),
	(62, 60, 2, 'Libero facere est non vel doloremque.', '2024-10-01 07:16:56', '2024-10-01 07:16:56', NULL),
	(63, 148, 3, 'Quidem velit nemo neque qui nobis.', '2024-10-01 07:16:56', '2024-10-01 07:16:56', NULL),
	(64, 139, 10, 'Est veritatis deserunt laudantium illum ut accusamus sed.', '2024-10-01 07:16:56', '2024-10-01 07:16:56', NULL),
	(65, 106, 8, 'Blanditiis ea doloribus exercitationem eum enim dolorem est.', '2024-10-01 07:16:56', '2024-10-01 07:16:56', NULL),
	(66, 7, 6, 'Pariatur quaerat perspiciatis sed sit sed voluptatem.', '2024-10-01 07:16:56', '2024-10-01 07:16:56', NULL),
	(67, 11, 10, 'Deleniti ea voluptates voluptatibus odit laboriosam dolorem enim.', '2024-10-01 07:16:56', '2024-10-01 07:16:56', NULL),
	(68, 5, 9, 'Veniam est fugit dolorem voluptatem vero.', '2024-10-01 07:16:56', '2024-10-01 07:16:56', NULL),
	(69, 36, 6, 'Voluptatem saepe et dolores vel culpa sint commodi.', '2024-10-01 07:16:56', '2024-10-01 07:16:56', NULL),
	(70, 49, 14, 'Qui ut est ut fugit.', '2024-10-01 07:16:56', '2024-10-01 07:16:56', NULL),
	(71, 119, 9, 'Iusto unde molestiae ut cumque nobis fugiat.', '2024-10-01 07:16:56', '2024-10-01 07:16:56', NULL),
	(72, 126, 15, 'Reiciendis iusto ex temporibus fugiat autem.', '2024-10-01 07:16:56', '2024-10-01 07:16:56', NULL),
	(73, 18, 15, 'Harum magni et est eum sint qui nesciunt.', '2024-10-01 07:16:56', '2024-10-01 07:16:56', NULL),
	(74, 102, 14, 'Sapiente doloremque ad eos qui sunt molestiae minima.', '2024-10-01 07:16:56', '2024-10-01 07:16:56', NULL),
	(75, 119, 3, 'Id consectetur quam consequatur dicta fugiat.', '2024-10-01 07:16:56', '2024-10-01 07:16:56', NULL),
	(76, 48, 11, 'Culpa ad fugiat necessitatibus sint.', '2024-10-01 07:16:56', '2024-10-01 07:16:56', NULL),
	(77, 84, 9, 'Quo et accusantium est non.', '2024-10-01 07:16:56', '2024-10-01 07:16:56', NULL),
	(78, 104, 1, 'Impedit aut praesentium omnis tempore.', '2024-10-01 07:16:56', '2024-10-01 07:16:56', NULL),
	(79, 115, 13, 'Inventore occaecati id sunt autem.', '2024-10-01 07:16:56', '2024-10-01 07:16:56', NULL),
	(80, 50, 13, 'Ea tenetur dolorum et tempora sint.', '2024-10-01 07:16:56', '2024-10-01 07:16:56', NULL),
	(81, 15, 15, 'Velit vel ullam laboriosam aliquam blanditiis doloremque.', '2024-10-01 07:16:56', '2024-10-01 07:16:56', NULL),
	(82, 134, 14, 'Qui nobis alias repudiandae.', '2024-10-01 07:16:56', '2024-10-01 07:16:56', NULL),
	(83, 12, 10, 'Enim non facere voluptatem sint doloribus nobis.', '2024-10-01 07:16:56', '2024-10-01 07:16:56', NULL),
	(84, 147, 4, 'Quas quae adipisci repudiandae commodi.', '2024-10-01 07:16:56', '2024-10-01 07:16:56', NULL),
	(85, 37, 5, 'Perferendis ex impedit ea autem.', '2024-10-01 07:16:56', '2024-10-01 07:16:56', NULL),
	(86, 100, 10, 'Officia laborum qui dicta recusandae.', '2024-10-01 07:16:56', '2024-10-01 07:16:56', NULL),
	(87, 12, 5, 'Omnis illo et alias provident quo eum.', '2024-10-01 07:16:56', '2024-10-01 07:16:56', NULL),
	(88, 102, 5, 'Magni quia vel error qui ipsum consequuntur provident.', '2024-10-01 07:16:56', '2024-10-01 07:16:56', NULL),
	(89, 147, 12, 'Ipsa optio reiciendis neque blanditiis facere unde.', '2024-10-01 07:16:56', '2024-10-01 07:16:56', NULL),
	(90, 69, 7, 'Ratione et et laborum dolor in dolor eos eum.', '2024-10-01 07:16:56', '2024-10-01 07:16:56', NULL),
	(91, 43, 3, 'Rem in et sit recusandae reiciendis.', '2024-10-01 07:16:56', '2024-10-01 07:16:56', NULL),
	(92, 155, 7, 'Cupiditate aperiam et est eos.', '2024-10-01 07:16:56', '2024-10-01 07:16:56', NULL),
	(93, 76, 7, 'Earum dolorem debitis ut voluptatibus.', '2024-10-01 07:16:56', '2024-10-01 07:16:56', NULL),
	(94, 117, 15, 'Vel ipsa modi veniam dolorum veritatis facere.', '2024-10-01 07:16:56', '2024-10-01 07:16:56', NULL),
	(95, 77, 14, 'Itaque et nihil quis amet fugiat fugiat.', '2024-10-01 07:16:56', '2024-10-01 07:16:56', NULL),
	(96, 10, 13, 'Deleniti temporibus placeat nostrum ullam quos quisquam illum doloremque.', '2024-10-01 07:16:56', '2024-10-01 07:16:56', NULL),
	(97, 50, 11, 'Velit cum ab nihil magnam ratione quis quod a.', '2024-10-01 07:16:56', '2024-10-01 07:16:56', NULL),
	(98, 109, 3, 'Similique adipisci dolorem similique voluptatem nesciunt.', '2024-10-01 07:16:56', '2024-10-01 07:16:56', NULL),
	(99, 60, 7, 'Aliquid sed a nostrum suscipit aliquid aliquid.', '2024-10-01 07:16:56', '2024-10-01 07:16:56', NULL),
	(100, 36, 11, 'Animi quaerat voluptatum tempora et amet.', '2024-10-01 07:16:56', '2024-10-01 07:16:56', NULL),
	(101, 23, 13, 'Est dolor quia ut quia est ullam facere.', '2024-10-01 07:16:56', '2024-10-01 07:16:56', NULL),
	(102, 116, 12, 'Aut consequuntur harum unde fugiat molestiae et.', '2024-10-01 07:16:56', '2024-10-01 07:16:56', NULL),
	(103, 96, 1, 'Velit est quas id dicta nulla.', '2024-10-01 07:16:56', '2024-10-01 07:16:56', NULL),
	(104, 41, 5, 'Dolore non dolore animi sequi rem qui sed.', '2024-10-01 07:16:56', '2024-10-01 07:16:56', NULL),
	(105, 30, 11, 'Quam nesciunt beatae sed ipsum debitis dicta.', '2024-10-01 07:16:56', '2024-10-01 07:16:56', NULL),
	(106, 146, 5, 'Natus voluptatem tenetur labore est aut.', '2024-10-01 07:16:56', '2024-10-01 07:16:56', NULL),
	(107, 130, 14, 'Earum aut distinctio aliquid deleniti voluptatum et vel.', '2024-10-01 07:16:56', '2024-10-01 07:16:56', NULL),
	(108, 45, 3, 'Eum vel sed voluptatem architecto officia.', '2024-10-01 07:16:56', '2024-10-01 07:16:56', NULL),
	(109, 120, 1, 'Quod quibusdam corrupti adipisci ratione expedita quis ducimus a.', '2024-10-01 07:16:56', '2024-10-01 07:16:56', NULL),
	(110, 113, 6, 'Autem doloremque voluptatem qui atque.', '2024-10-01 07:16:56', '2024-10-01 07:16:56', NULL),
	(111, 35, 6, 'Dolores fugiat delectus dicta dolorum qui quis sed.', '2024-10-01 07:16:56', '2024-10-01 07:16:56', NULL),
	(112, 135, 2, 'Commodi incidunt quia quis rem enim.', '2024-10-01 07:16:56', '2024-10-01 07:16:56', NULL),
	(113, 48, 15, 'Repellat voluptates id voluptas id et delectus sed.', '2024-10-01 07:16:56', '2024-10-01 07:16:56', NULL),
	(114, 153, 10, 'Velit sint voluptas et accusamus dolor voluptatem omnis sunt.', '2024-10-01 07:16:56', '2024-10-01 07:16:56', NULL),
	(115, 47, 2, 'Sapiente dolorum iure sit et odio quae.', '2024-10-01 07:16:56', '2024-10-01 07:16:56', NULL),
	(116, 80, 6, 'Fugit delectus ut quae qui sed corporis.', '2024-10-01 07:16:56', '2024-10-01 07:16:56', NULL),
	(117, 28, 3, 'Corporis atque illum aspernatur adipisci.', '2024-10-01 07:16:56', '2024-10-01 07:16:56', NULL),
	(118, 1, 13, 'Eaque nisi eos pariatur blanditiis sunt velit nulla autem.', '2024-10-01 07:16:56', '2024-10-01 07:16:56', NULL),
	(119, 131, 4, 'Enim consequatur inventore repellendus id velit in unde.', '2024-10-01 07:16:56', '2024-10-01 07:16:56', NULL),
	(120, 95, 15, 'Occaecati nobis minus consectetur recusandae.', '2024-10-01 07:16:56', '2024-10-01 07:16:56', NULL),
	(121, 148, 4, 'Sed minus sapiente occaecati provident sit quo.', '2024-10-01 07:16:56', '2024-10-01 07:16:56', NULL),
	(122, 95, 11, 'Eveniet ab consequuntur recusandae accusamus.', '2024-10-01 07:16:56', '2024-10-01 07:16:56', NULL),
	(123, 39, 11, 'Dolores neque velit voluptas porro.', '2024-10-01 07:16:56', '2024-10-01 07:16:56', NULL),
	(124, 34, 8, 'Voluptas occaecati et reprehenderit natus aut sit.', '2024-10-01 07:16:56', '2024-10-01 07:16:56', NULL),
	(125, 10, 8, 'Ducimus maiores ducimus officiis repellendus pariatur nulla quia aliquam.', '2024-10-01 07:16:56', '2024-10-01 07:16:56', NULL),
	(126, 136, 5, 'Perferendis quae aut ab enim natus.', '2024-10-01 07:16:56', '2024-10-01 07:16:56', NULL),
	(127, 148, 10, 'Sed alias porro autem.', '2024-10-01 07:16:56', '2024-10-01 07:16:56', NULL),
	(128, 105, 9, 'Non tempore quaerat sit voluptas aliquam aut.', '2024-10-01 07:16:56', '2024-10-01 07:16:56', NULL),
	(129, 149, 4, 'Officiis a quod ipsum ullam eius at omnis.', '2024-10-01 07:16:56', '2024-10-01 07:16:56', NULL),
	(130, 110, 1, 'Aut nesciunt quae rerum iure.', '2024-10-01 07:16:56', '2024-10-01 07:16:56', NULL),
	(131, 100, 12, 'Officia et voluptas in blanditiis modi.', '2024-10-01 07:16:56', '2024-10-01 07:16:56', NULL),
	(132, 70, 4, 'Odio voluptatem corporis consectetur repellat.', '2024-10-01 07:16:56', '2024-10-01 07:16:56', NULL),
	(133, 91, 1, 'Vel voluptas ratione quis vel.', '2024-10-01 07:16:56', '2024-10-01 07:16:56', NULL),
	(134, 22, 10, 'Consequatur aperiam adipisci quo cumque et.', '2024-10-01 07:16:56', '2024-10-01 07:16:56', NULL),
	(135, 135, 5, 'Laboriosam aut ad veniam numquam aut dicta itaque praesentium.', '2024-10-01 07:16:56', '2024-10-01 07:16:56', NULL),
	(136, 79, 11, 'Quo laboriosam est sint dolorem voluptatem autem temporibus deleniti.', '2024-10-01 07:16:56', '2024-10-01 07:16:56', NULL),
	(137, 114, 10, 'Qui aperiam ullam consequuntur corporis ducimus et et.', '2024-10-01 07:16:56', '2024-10-01 07:16:56', NULL),
	(138, 24, 12, 'Autem fuga mollitia soluta alias explicabo.', '2024-10-01 07:16:56', '2024-10-01 07:16:56', NULL),
	(139, 114, 14, 'Sed nihil est minus aut ut.', '2024-10-01 07:16:56', '2024-10-01 07:16:56', NULL),
	(140, 60, 5, 'Quo sit sunt nihil voluptatem ipsa et in.', '2024-10-01 07:16:56', '2024-10-01 07:16:56', NULL),
	(141, 156, 5, 'Ab aut tempore illo est reprehenderit qui.', '2024-10-01 07:16:56', '2024-10-01 07:16:56', NULL),
	(142, 49, 10, 'Pariatur consectetur et quos delectus optio explicabo odio.', '2024-10-01 07:16:56', '2024-10-01 07:16:56', NULL),
	(143, 1, 1, 'Autem at sunt harum voluptate perferendis quae.', '2024-10-01 07:16:56', '2024-10-01 07:16:56', NULL),
	(144, 143, 1, 'Nisi et sint ipsam assumenda.', '2024-10-01 07:16:56', '2024-10-01 07:16:56', NULL),
	(145, 50, 7, 'Dolorem rerum magni eaque vel qui velit.', '2024-10-01 07:16:56', '2024-10-01 07:16:56', NULL),
	(146, 111, 10, 'Quisquam omnis ducimus perferendis quo.', '2024-10-01 07:16:56', '2024-10-01 07:16:56', NULL),
	(147, 99, 13, 'Excepturi voluptatem eaque animi sed.', '2024-10-01 07:16:56', '2024-10-01 07:16:56', NULL),
	(148, 127, 12, 'Consequatur odio omnis voluptatem officia est recusandae.', '2024-10-01 07:16:56', '2024-10-01 07:16:56', NULL),
	(149, 17, 13, 'Fugiat quidem amet ducimus aut cumque facilis ea.', '2024-10-01 07:16:56', '2024-10-01 07:16:56', NULL),
	(150, 71, 7, 'Iure nisi est aut et.', '2024-10-01 07:16:56', '2024-10-01 07:16:56', NULL);

-- Дамп структуры для таблица filmhunter.failed_jobs
CREATE TABLE IF NOT EXISTS `failed_jobs` (
  `id` bigint unsigned NOT NULL AUTO_INCREMENT,
  `uuid` varchar(255) COLLATE utf8mb4_unicode_ci NOT NULL,
  `connection` text COLLATE utf8mb4_unicode_ci NOT NULL,
  `queue` text COLLATE utf8mb4_unicode_ci NOT NULL,
  `payload` longtext COLLATE utf8mb4_unicode_ci NOT NULL,
  `exception` longtext COLLATE utf8mb4_unicode_ci NOT NULL,
  `failed_at` timestamp NOT NULL DEFAULT CURRENT_TIMESTAMP,
  PRIMARY KEY (`id`),
  UNIQUE KEY `failed_jobs_uuid_unique` (`uuid`)
) ENGINE=InnoDB DEFAULT CHARSET=utf8mb4 COLLATE=utf8mb4_unicode_ci;

-- Дамп данных таблицы filmhunter.failed_jobs: ~0 rows (приблизительно)

-- Дамп структуры для таблица filmhunter.films
CREATE TABLE IF NOT EXISTS `films` (
  `id` bigint unsigned NOT NULL AUTO_INCREMENT,
  `author` varchar(255) COLLATE utf8mb4_unicode_ci NOT NULL,
  `model` varchar(255) COLLATE utf8mb4_unicode_ci NOT NULL,
  `year` int NOT NULL,
  `duration` int NOT NULL,
  `filmname` varchar(255) COLLATE utf8mb4_unicode_ci NOT NULL,
  `genre` varchar(255) COLLATE utf8mb4_unicode_ci NOT NULL,
  `volume` int NOT NULL,
  `description` varchar(255) COLLATE utf8mb4_unicode_ci NOT NULL,
  `price_per_subscribtion` int NOT NULL,
  `price_per_watch` double(8,2) NOT NULL,
  `filmImage1` varchar(255) COLLATE utf8mb4_unicode_ci NOT NULL,
  `filmImage2` varchar(255) COLLATE utf8mb4_unicode_ci DEFAULT NULL,
  `filmImage3` varchar(255) COLLATE utf8mb4_unicode_ci DEFAULT NULL,
  `filmImage4` varchar(255) COLLATE utf8mb4_unicode_ci DEFAULT NULL,
  `filmImage5` varchar(255) COLLATE utf8mb4_unicode_ci DEFAULT NULL,
  `filmImage6` varchar(255) COLLATE utf8mb4_unicode_ci DEFAULT NULL,
  `filmImage7` varchar(255) COLLATE utf8mb4_unicode_ci DEFAULT NULL,
  `filmImage8` varchar(255) COLLATE utf8mb4_unicode_ci DEFAULT NULL,
  `created_at` timestamp NULL DEFAULT NULL,
  `updated_at` timestamp NULL DEFAULT NULL,
  PRIMARY KEY (`id`)
) ENGINE=InnoDB AUTO_INCREMENT=16 DEFAULT CHARSET=utf8mb4 COLLATE=utf8mb4_unicode_ci;

-- Дамп данных таблицы filmhunter.films: ~15 rows (приблизительно)
INSERT INTO `films` (`id`, `author`, `model`, `year`, `duration`, `filmname`, `genre`, `volume`, `description`, `price_per_subscribtion`, `price_per_watch`, `filmImage1`, `filmImage2`, `filmImage3`, `filmImage4`, `filmImage5`, `filmImage6`, `filmImage7`, `filmImage8`, `created_at`, `updated_at`) VALUES
	(1, 'LatvijasKino', 'Blockbuster', 2015, 131, 'Catch her in rye', 'Horror', 50, 'None', 6, 2.50, 'filmImages/images.jpeg', 'filmImages/images.jpeg', 'filmImages/images.jpeg', 'filmImages/images.jpeg', 'filmImages/images.jpeg', 'filmImages/images.jpeg', 'filmImages/images.jpeg', NULL, '2024-10-01 07:16:55', '2024-10-01 07:16:55'),
	(2, 'LatvijasKino', 'Budget', 2018, 165, 'Rotten boobs in Cassiopia', 'Horror', 39, 'None', 6, 4.00, 'filmImages/images.jpeg', 'filmImages/images.jpeg', 'filmImages/images.jpeg', 'filmImages/images.jpeg', 'filmImages/images.jpeg', 'filmImages/images.jpeg', NULL, NULL, '2024-10-01 07:16:55', '2024-10-01 07:16:55'),
	(3, 'LatvijasKino', 'Budget', 2018, 120, 'Epic Crossover', 'Comedy', 136, 'None', 6, 1.00, 'filmImages/images.jpeg', 'filmImages/images.jpeg', 'filmImages/images.jpeg', 'filmImages/images.jpeg', 'filmImages/images.jpeg', 'filmImages/images.jpeg', NULL, NULL, '2024-10-01 07:16:55', '2024-10-01 07:16:55'),
	(4, 'BEBRAPRODUCTION', 'Blockbuster', 2018, 150, 'Smell', 'Thriller', 134, 'None', 24, 7.00, 'filmImages/images.jpeg', 'filmImages/images.jpeg', 'filmImages/images.jpeg', 'filmImages/images.jpeg', 'filmImages/images.jpeg', 'filmImages/images.jpeg', 'filmImages/images.jpeg', NULL, '2024-10-01 07:16:55', '2024-10-01 07:16:55'),
	(5, 'BEBRAPRODUCTION', 'Blockbuster', 2020, 150, 'Nigga in paris', 'Thriller', 91, 'None', 24, 5.00, 'filmImages/images.jpeg', 'filmImages/images.jpeg', 'filmImages/images.jpeg', 'filmImages/images.jpeg', 'filmImages/images.jpeg', 'filmImages/images.jpeg', 'filmImages/images.jpeg', NULL, '2024-10-01 07:16:55', '2024-10-01 07:16:55'),
	(6, 'BEBRAPRODUCTION', 'Budget', 2021, 100, 'Estate', 'Comedy', 156, 'None', 24, 10.00, 'filmImages/images.jpeg', 'filmImages/images.jpeg', 'filmImages/images.jpeg', 'filmImages/images.jpeg', 'filmImages/images.jpeg', NULL, NULL, NULL, '2024-10-01 07:16:55', '2024-10-01 07:16:55'),
	(7, 'Bangbros', 'Budget', 2018, 275, 'Base', 'ActionMovie', 110, 'None', 24, 11.00, 'filmImages/images.jpeg', 'filmImages/images.jpeg', 'filmImages/images.jpeg', 'filmImages/images.jpeg', 'filmImages/images.jpeg', 'filmImages/images.jpeg', 'filmImages/images.jpeg', 'filmImages/images.jpeg', '2024-10-01 07:16:55', '2024-10-01 07:16:55'),
	(8, 'Bangbros', 'Budget', 2020, 13, 'Short reminder that smoking is cool', 'ActionMovie', 0, 'None', 24, 4.00, 'filmImages/images.jpeg', 'filmImages/images.jpeg', 'filmImages/images.jpeg', 'filmImages/images.jpeg', 'filmImages/images.jpeg', 'filmImages/images.jpeg', 'filmImages/images.jpeg', NULL, '2024-10-01 07:16:55', '2024-10-01 07:16:55'),
	(9, 'WarnerBrazzers', 'Blockbustrer', 2020, 150, 'Meme Lord', 'Horror', 151, 'None', 23, 5.00, 'filmImages/images.jpeg', 'filmImages/images.jpeg', 'filmImages/images.jpeg', 'filmImages/images.jpeg', 'filmImages/images.jpeg', 'filmImages/images.jpeg', NULL, NULL, '2024-10-01 07:16:55', '2024-10-01 07:16:55'),
	(10, 'Unknown', 'Blockbuster', 2022, 136, 'Slickback', 'Horror', 113, 'None', 23, 5.00, 'filmImages/images.jpeg', 'filmImages/images.jpeg', 'filmImages/images.jpeg', 'filmImages/images.jpeg', 'filmImages/images.jpeg', 'filmImages/images.jpeg', 'filmImages/images.jpeg', NULL, '2024-10-01 07:16:55', '2024-10-01 07:16:55'),
	(11, 'BEBRAPRODUCTION', 'Blockbuster', 2005, 100, 'Giga nigga', 'Horror', 175, 'None', 24, 0.22, 'filmImages/images.jpeg', 'filmImages/images.jpeg', 'filmImages/images.jpeg', NULL, NULL, NULL, NULL, NULL, '2024-10-01 07:16:55', '2024-10-01 07:16:55'),
	(12, 'CRAP', 'Budget', 2020, 179, 'Slow Murder', 'Horror', 86, 'None', 2, 1.00, 'filmImages/images.jpeg', 'filmImages/images.jpeg', 'filmImages/images.jpeg', 'filmImages/images.jpeg', 'filmImages/images.jpeg', 'filmImages/images.jpeg', NULL, NULL, '2024-10-01 07:16:55', '2024-10-01 07:16:55'),
	(13, 'JackiechanFilms', 'Blockbuster', 2021, 99, 'Jackie Chan 18', 'Action', 101, 'None', 25, 9.00, 'filmImages/images.jpeg', 'filmImages/images.jpeg', 'filmImages/images.jpeg', 'filmImages/images.jpeg', 'filmImages/images.jpeg', 'filmImages/images.jpeg', NULL, NULL, '2024-10-01 07:16:55', '2024-10-01 07:16:55'),
	(14, 'Twentycentuaryfox', 'Blockbuster', 2021, 286, 'Drive 2', 'Thriller', 181, 'None', 89, 23.00, 'filmImages/images.jpeg', 'filmImages/images.jpeg', 'filmImages/images.jpeg', 'filmImages/images.jpeg', 'filmImages/images.jpeg', 'filmImages/images.jpeg', 'filmImages/images.jpeg', NULL, '2024-10-01 07:16:55', '2024-10-01 07:16:55'),
	(15, 'RealityKings', 'Budget', 2022, 131, 'Dum Dum', 'Horror', 143, 'None', 17, 9.00, 'filmImages/images.jpeg', 'filmImages/images.jpeg', 'filmImages/images.jpeg', 'filmImages/images.jpeg', 'filmImages/images.jpeg', NULL, NULL, NULL, '2024-10-01 07:16:55', '2024-10-01 07:16:55');

-- Дамп структуры для таблица filmhunter.likes
CREATE TABLE IF NOT EXISTS `likes` (
  `id` bigint unsigned NOT NULL AUTO_INCREMENT,
  `user_id` bigint unsigned NOT NULL,
  `film_id` bigint unsigned NOT NULL,
  `value` tinyint(1) NOT NULL DEFAULT '0',
  `created_at` timestamp NULL DEFAULT NULL,
  `updated_at` timestamp NULL DEFAULT NULL,
  PRIMARY KEY (`id`),
  UNIQUE KEY `likes_user_id_film_id_unique` (`user_id`,`film_id`),
  KEY `likes_film_id_foreign` (`film_id`),
  CONSTRAINT `likes_film_id_foreign` FOREIGN KEY (`film_id`) REFERENCES `films` (`id`) ON DELETE CASCADE,
  CONSTRAINT `likes_user_id_foreign` FOREIGN KEY (`user_id`) REFERENCES `users` (`id`) ON DELETE CASCADE
) ENGINE=InnoDB AUTO_INCREMENT=785 DEFAULT CHARSET=utf8mb4 COLLATE=utf8mb4_unicode_ci;

-- Дамп данных таблицы filmhunter.likes: ~784 rows (приблизительно)
INSERT INTO `likes` (`id`, `user_id`, `film_id`, `value`, `created_at`, `updated_at`) VALUES
	(1, 1, 1, 1, NULL, NULL),
	(2, 1, 2, 0, NULL, NULL),
	(3, 1, 3, 0, NULL, NULL),
	(4, 1, 5, 1, NULL, NULL),
	(5, 1, 10, 1, NULL, NULL),
	(6, 2, 5, 1, NULL, NULL),
	(7, 2, 14, 0, NULL, NULL),
	(8, 3, 1, 0, NULL, NULL),
	(9, 3, 5, 0, NULL, NULL),
	(10, 3, 6, 1, NULL, NULL),
	(11, 3, 8, 1, NULL, NULL),
	(12, 3, 11, 1, NULL, NULL),
	(13, 4, 9, 1, NULL, NULL),
	(14, 4, 10, 0, NULL, NULL),
	(15, 5, 1, 0, NULL, NULL),
	(16, 5, 2, 0, NULL, NULL),
	(17, 5, 3, 0, NULL, NULL),
	(18, 5, 4, 1, NULL, NULL),
	(19, 5, 10, 0, NULL, NULL),
	(20, 5, 12, 1, NULL, NULL),
	(21, 5, 13, 0, NULL, NULL),
	(22, 5, 15, 0, NULL, NULL),
	(23, 6, 1, 0, NULL, NULL),
	(24, 6, 4, 1, NULL, NULL),
	(25, 6, 9, 1, NULL, NULL),
	(26, 6, 13, 0, NULL, NULL),
	(27, 6, 14, 0, NULL, NULL),
	(28, 7, 1, 1, NULL, NULL),
	(29, 7, 5, 0, NULL, NULL),
	(30, 7, 8, 1, NULL, NULL),
	(31, 7, 11, 0, NULL, NULL),
	(32, 7, 12, 1, NULL, NULL),
	(33, 7, 13, 0, NULL, NULL),
	(34, 8, 1, 1, NULL, NULL),
	(35, 8, 3, 1, NULL, NULL),
	(36, 8, 12, 0, NULL, NULL),
	(37, 9, 2, 0, NULL, NULL),
	(38, 9, 4, 1, NULL, NULL),
	(39, 9, 6, 0, NULL, NULL),
	(40, 9, 7, 0, NULL, NULL),
	(41, 9, 8, 1, NULL, NULL),
	(42, 9, 14, 1, NULL, NULL),
	(43, 10, 4, 1, NULL, NULL),
	(44, 10, 5, 0, NULL, NULL),
	(45, 10, 6, 1, NULL, NULL),
	(46, 10, 8, 1, NULL, NULL),
	(47, 10, 11, 1, NULL, NULL),
	(48, 11, 3, 1, NULL, NULL),
	(49, 11, 4, 0, NULL, NULL),
	(50, 11, 8, 1, NULL, NULL),
	(51, 11, 9, 0, NULL, NULL),
	(52, 11, 15, 0, NULL, NULL),
	(53, 12, 4, 1, NULL, NULL),
	(54, 12, 6, 0, NULL, NULL),
	(55, 12, 7, 1, NULL, NULL),
	(56, 12, 14, 1, NULL, NULL),
	(57, 13, 1, 0, NULL, NULL),
	(58, 13, 3, 0, NULL, NULL),
	(59, 13, 4, 0, NULL, NULL),
	(60, 13, 7, 1, NULL, NULL),
	(61, 13, 10, 1, NULL, NULL),
	(62, 13, 11, 1, NULL, NULL),
	(63, 13, 12, 1, NULL, NULL),
	(64, 13, 15, 0, NULL, NULL),
	(65, 14, 1, 0, NULL, NULL),
	(66, 14, 3, 1, NULL, NULL),
	(67, 14, 8, 1, NULL, NULL),
	(68, 14, 13, 1, NULL, NULL),
	(69, 14, 15, 1, NULL, NULL),
	(70, 15, 2, 1, NULL, NULL),
	(71, 15, 9, 1, NULL, NULL),
	(72, 15, 10, 1, NULL, NULL),
	(73, 16, 7, 0, NULL, NULL),
	(74, 16, 8, 0, NULL, NULL),
	(75, 16, 10, 1, NULL, NULL),
	(76, 16, 11, 1, NULL, NULL),
	(77, 17, 1, 0, NULL, NULL),
	(78, 17, 2, 1, NULL, NULL),
	(79, 17, 8, 1, NULL, NULL),
	(80, 17, 14, 1, NULL, NULL),
	(81, 17, 15, 1, NULL, NULL),
	(82, 18, 1, 0, NULL, NULL),
	(83, 18, 2, 0, NULL, NULL),
	(84, 18, 7, 1, NULL, NULL),
	(85, 18, 9, 0, NULL, NULL),
	(86, 18, 11, 1, NULL, NULL),
	(87, 19, 3, 0, NULL, NULL),
	(88, 19, 5, 0, NULL, NULL),
	(89, 19, 7, 0, NULL, NULL),
	(90, 19, 12, 1, NULL, NULL),
	(91, 20, 1, 1, NULL, NULL),
	(92, 20, 4, 0, NULL, NULL),
	(93, 20, 7, 0, NULL, NULL),
	(94, 20, 9, 0, NULL, NULL),
	(95, 20, 10, 1, NULL, NULL),
	(96, 20, 11, 1, NULL, NULL),
	(97, 21, 1, 1, NULL, NULL),
	(98, 21, 3, 0, NULL, NULL),
	(99, 21, 5, 0, NULL, NULL),
	(100, 21, 6, 1, NULL, NULL),
	(101, 21, 11, 1, NULL, NULL),
	(102, 21, 13, 0, NULL, NULL),
	(103, 21, 14, 1, NULL, NULL),
	(104, 21, 15, 1, NULL, NULL),
	(105, 22, 2, 1, NULL, NULL),
	(106, 22, 3, 0, NULL, NULL),
	(107, 22, 7, 0, NULL, NULL),
	(108, 22, 10, 0, NULL, NULL),
	(109, 22, 14, 1, NULL, NULL),
	(110, 23, 2, 1, NULL, NULL),
	(111, 23, 3, 1, NULL, NULL),
	(112, 23, 5, 1, NULL, NULL),
	(113, 23, 7, 1, NULL, NULL),
	(114, 23, 10, 0, NULL, NULL),
	(115, 24, 1, 1, NULL, NULL),
	(116, 25, 3, 1, NULL, NULL),
	(117, 25, 8, 0, NULL, NULL),
	(118, 25, 11, 0, NULL, NULL),
	(119, 25, 14, 1, NULL, NULL),
	(120, 26, 1, 0, NULL, NULL),
	(121, 26, 3, 0, NULL, NULL),
	(122, 26, 9, 1, NULL, NULL),
	(123, 26, 10, 0, NULL, NULL),
	(124, 26, 12, 0, NULL, NULL),
	(125, 26, 15, 1, NULL, NULL),
	(126, 27, 1, 0, NULL, NULL),
	(127, 27, 3, 1, NULL, NULL),
	(128, 27, 5, 0, NULL, NULL),
	(129, 27, 7, 0, NULL, NULL),
	(130, 27, 8, 0, NULL, NULL),
	(131, 27, 9, 0, NULL, NULL),
	(132, 27, 10, 0, NULL, NULL),
	(133, 27, 12, 0, NULL, NULL),
	(134, 28, 1, 0, NULL, NULL),
	(135, 28, 3, 1, NULL, NULL),
	(136, 28, 6, 0, NULL, NULL),
	(137, 28, 9, 0, NULL, NULL),
	(138, 28, 10, 1, NULL, NULL),
	(139, 28, 13, 0, NULL, NULL),
	(140, 28, 15, 0, NULL, NULL),
	(141, 29, 1, 0, NULL, NULL),
	(142, 29, 3, 1, NULL, NULL),
	(143, 29, 7, 1, NULL, NULL),
	(144, 29, 8, 1, NULL, NULL),
	(145, 29, 9, 0, NULL, NULL),
	(146, 29, 13, 1, NULL, NULL),
	(147, 29, 15, 1, NULL, NULL),
	(148, 30, 3, 1, NULL, NULL),
	(149, 30, 4, 0, NULL, NULL),
	(150, 30, 5, 1, NULL, NULL),
	(151, 30, 7, 1, NULL, NULL),
	(152, 30, 9, 0, NULL, NULL),
	(153, 30, 10, 1, NULL, NULL),
	(154, 30, 13, 0, NULL, NULL),
	(155, 30, 14, 1, NULL, NULL),
	(156, 31, 6, 1, NULL, NULL),
	(157, 31, 8, 1, NULL, NULL),
	(158, 31, 15, 0, NULL, NULL),
	(159, 32, 1, 1, NULL, NULL),
	(160, 32, 8, 1, NULL, NULL),
	(161, 32, 12, 1, NULL, NULL),
	(162, 32, 13, 1, NULL, NULL),
	(163, 32, 14, 0, NULL, NULL),
	(164, 32, 15, 0, NULL, NULL),
	(165, 33, 1, 1, NULL, NULL),
	(166, 33, 9, 1, NULL, NULL),
	(167, 33, 13, 1, NULL, NULL),
	(168, 34, 6, 0, NULL, NULL),
	(169, 34, 11, 1, NULL, NULL),
	(170, 35, 1, 1, NULL, NULL),
	(171, 35, 3, 1, NULL, NULL),
	(172, 35, 4, 1, NULL, NULL),
	(173, 35, 6, 0, NULL, NULL),
	(174, 35, 7, 1, NULL, NULL),
	(175, 35, 8, 0, NULL, NULL),
	(176, 35, 10, 0, NULL, NULL),
	(177, 35, 12, 1, NULL, NULL),
	(178, 35, 13, 1, NULL, NULL),
	(179, 36, 2, 0, NULL, NULL),
	(180, 36, 4, 0, NULL, NULL),
	(181, 36, 5, 0, NULL, NULL),
	(182, 36, 10, 1, NULL, NULL),
	(183, 36, 13, 0, NULL, NULL),
	(184, 37, 1, 1, NULL, NULL),
	(185, 37, 3, 1, NULL, NULL),
	(186, 37, 4, 0, NULL, NULL),
	(187, 37, 5, 1, NULL, NULL),
	(188, 37, 12, 1, NULL, NULL),
	(189, 38, 1, 0, NULL, NULL),
	(190, 38, 2, 1, NULL, NULL),
	(191, 38, 6, 0, NULL, NULL),
	(192, 38, 9, 0, NULL, NULL),
	(193, 38, 10, 0, NULL, NULL),
	(194, 39, 3, 0, NULL, NULL),
	(195, 39, 8, 1, NULL, NULL),
	(196, 39, 9, 0, NULL, NULL),
	(197, 39, 11, 1, NULL, NULL),
	(198, 39, 13, 0, NULL, NULL),
	(199, 39, 14, 1, NULL, NULL),
	(200, 40, 1, 1, NULL, NULL),
	(201, 40, 7, 0, NULL, NULL),
	(202, 40, 8, 1, NULL, NULL),
	(203, 40, 12, 1, NULL, NULL),
	(204, 40, 14, 1, NULL, NULL),
	(205, 41, 3, 0, NULL, NULL),
	(206, 41, 7, 0, NULL, NULL),
	(207, 41, 8, 0, NULL, NULL),
	(208, 41, 10, 1, NULL, NULL),
	(209, 41, 12, 0, NULL, NULL),
	(210, 41, 13, 1, NULL, NULL),
	(211, 42, 1, 1, NULL, NULL),
	(212, 42, 3, 0, NULL, NULL),
	(213, 42, 5, 0, NULL, NULL),
	(214, 42, 6, 1, NULL, NULL),
	(215, 42, 13, 0, NULL, NULL),
	(216, 42, 15, 1, NULL, NULL),
	(217, 43, 2, 0, NULL, NULL),
	(218, 43, 3, 0, NULL, NULL),
	(219, 43, 4, 0, NULL, NULL),
	(220, 43, 11, 1, NULL, NULL),
	(221, 43, 13, 0, NULL, NULL),
	(222, 43, 14, 1, NULL, NULL),
	(223, 43, 15, 0, NULL, NULL),
	(224, 44, 1, 1, NULL, NULL),
	(225, 44, 3, 1, NULL, NULL),
	(226, 44, 4, 1, NULL, NULL),
	(227, 44, 5, 0, NULL, NULL),
	(228, 44, 8, 0, NULL, NULL),
	(229, 44, 11, 1, NULL, NULL),
	(230, 44, 12, 0, NULL, NULL),
	(231, 44, 14, 0, NULL, NULL),
	(232, 45, 1, 0, NULL, NULL),
	(233, 45, 2, 0, NULL, NULL),
	(234, 45, 4, 0, NULL, NULL),
	(235, 45, 5, 0, NULL, NULL),
	(236, 45, 6, 0, NULL, NULL),
	(237, 45, 9, 1, NULL, NULL),
	(238, 45, 11, 0, NULL, NULL),
	(239, 45, 12, 1, NULL, NULL),
	(240, 45, 13, 0, NULL, NULL),
	(241, 45, 15, 0, NULL, NULL),
	(242, 46, 3, 1, NULL, NULL),
	(243, 46, 5, 1, NULL, NULL),
	(244, 46, 11, 0, NULL, NULL),
	(245, 46, 12, 1, NULL, NULL),
	(246, 46, 13, 0, NULL, NULL),
	(247, 47, 10, 1, NULL, NULL),
	(248, 47, 11, 0, NULL, NULL),
	(249, 47, 12, 1, NULL, NULL),
	(250, 47, 14, 0, NULL, NULL),
	(251, 48, 1, 0, NULL, NULL),
	(252, 48, 3, 0, NULL, NULL),
	(253, 48, 4, 1, NULL, NULL),
	(254, 48, 6, 1, NULL, NULL),
	(255, 48, 9, 1, NULL, NULL),
	(256, 49, 1, 1, NULL, NULL),
	(257, 49, 7, 1, NULL, NULL),
	(258, 49, 10, 0, NULL, NULL),
	(259, 49, 11, 1, NULL, NULL),
	(260, 50, 1, 1, NULL, NULL),
	(261, 50, 3, 1, NULL, NULL),
	(262, 50, 4, 1, NULL, NULL),
	(263, 50, 9, 0, NULL, NULL),
	(264, 50, 11, 0, NULL, NULL),
	(265, 50, 12, 1, NULL, NULL),
	(266, 50, 14, 0, NULL, NULL),
	(267, 51, 3, 0, NULL, NULL),
	(268, 51, 5, 1, NULL, NULL),
	(269, 51, 9, 0, NULL, NULL),
	(270, 51, 13, 1, NULL, NULL),
	(271, 51, 14, 0, NULL, NULL),
	(272, 52, 1, 1, NULL, NULL),
	(273, 52, 4, 0, NULL, NULL),
	(274, 52, 5, 0, NULL, NULL),
	(275, 52, 6, 1, NULL, NULL),
	(276, 52, 8, 1, NULL, NULL),
	(277, 52, 13, 1, NULL, NULL),
	(278, 52, 15, 1, NULL, NULL),
	(279, 53, 2, 1, NULL, NULL),
	(280, 53, 9, 1, NULL, NULL),
	(281, 53, 12, 0, NULL, NULL),
	(282, 53, 15, 0, NULL, NULL),
	(283, 54, 2, 0, NULL, NULL),
	(284, 54, 5, 1, NULL, NULL),
	(285, 54, 6, 0, NULL, NULL),
	(286, 54, 14, 1, NULL, NULL),
	(287, 55, 4, 1, NULL, NULL),
	(288, 55, 5, 1, NULL, NULL),
	(289, 55, 8, 0, NULL, NULL),
	(290, 55, 9, 0, NULL, NULL),
	(291, 55, 11, 0, NULL, NULL),
	(292, 55, 12, 0, NULL, NULL),
	(293, 55, 14, 1, NULL, NULL),
	(294, 55, 15, 1, NULL, NULL),
	(295, 56, 3, 1, NULL, NULL),
	(296, 56, 6, 0, NULL, NULL),
	(297, 56, 8, 0, NULL, NULL),
	(298, 56, 10, 1, NULL, NULL),
	(299, 56, 14, 1, NULL, NULL),
	(300, 57, 5, 1, NULL, NULL),
	(301, 57, 7, 0, NULL, NULL),
	(302, 57, 13, 1, NULL, NULL),
	(303, 58, 3, 0, NULL, NULL),
	(304, 58, 4, 0, NULL, NULL),
	(305, 58, 13, 0, NULL, NULL),
	(306, 59, 2, 0, NULL, NULL),
	(307, 59, 3, 0, NULL, NULL),
	(308, 59, 5, 0, NULL, NULL),
	(309, 59, 7, 0, NULL, NULL),
	(310, 59, 15, 0, NULL, NULL),
	(311, 60, 2, 1, NULL, NULL),
	(312, 60, 3, 0, NULL, NULL),
	(313, 60, 4, 0, NULL, NULL),
	(314, 60, 5, 0, NULL, NULL),
	(315, 60, 13, 1, NULL, NULL),
	(316, 61, 4, 1, NULL, NULL),
	(317, 61, 5, 1, NULL, NULL),
	(318, 61, 9, 1, NULL, NULL),
	(319, 61, 10, 0, NULL, NULL),
	(320, 61, 12, 0, NULL, NULL),
	(321, 61, 13, 1, NULL, NULL),
	(322, 61, 14, 0, NULL, NULL),
	(323, 62, 3, 1, NULL, NULL),
	(324, 62, 4, 0, NULL, NULL),
	(325, 62, 7, 1, NULL, NULL),
	(326, 62, 8, 1, NULL, NULL),
	(327, 62, 11, 1, NULL, NULL),
	(328, 62, 15, 1, NULL, NULL),
	(329, 63, 6, 0, NULL, NULL),
	(330, 63, 13, 0, NULL, NULL),
	(331, 64, 2, 1, NULL, NULL),
	(332, 64, 3, 1, NULL, NULL),
	(333, 64, 4, 0, NULL, NULL),
	(334, 64, 7, 1, NULL, NULL),
	(335, 64, 10, 1, NULL, NULL),
	(336, 64, 12, 1, NULL, NULL),
	(337, 65, 1, 0, NULL, NULL),
	(338, 65, 7, 1, NULL, NULL),
	(339, 65, 8, 0, NULL, NULL),
	(340, 65, 13, 0, NULL, NULL),
	(341, 66, 3, 0, NULL, NULL),
	(342, 67, 3, 1, NULL, NULL),
	(343, 67, 8, 1, NULL, NULL),
	(344, 67, 12, 1, NULL, NULL),
	(345, 67, 15, 1, NULL, NULL),
	(346, 68, 3, 0, NULL, NULL),
	(347, 68, 4, 0, NULL, NULL),
	(348, 68, 5, 0, NULL, NULL),
	(349, 68, 8, 1, NULL, NULL),
	(350, 69, 1, 1, NULL, NULL),
	(351, 69, 6, 1, NULL, NULL),
	(352, 69, 7, 0, NULL, NULL),
	(353, 69, 8, 0, NULL, NULL),
	(354, 69, 12, 1, NULL, NULL),
	(355, 69, 13, 1, NULL, NULL),
	(356, 69, 15, 1, NULL, NULL),
	(357, 70, 1, 0, NULL, NULL),
	(358, 70, 6, 1, NULL, NULL),
	(359, 70, 7, 1, NULL, NULL),
	(360, 70, 12, 1, NULL, NULL),
	(361, 70, 15, 0, NULL, NULL),
	(362, 71, 2, 1, NULL, NULL),
	(363, 71, 6, 1, NULL, NULL),
	(364, 71, 12, 0, NULL, NULL),
	(365, 71, 14, 1, NULL, NULL),
	(366, 71, 15, 1, NULL, NULL),
	(367, 72, 5, 0, NULL, NULL),
	(368, 72, 8, 1, NULL, NULL),
	(369, 72, 15, 0, NULL, NULL),
	(370, 73, 4, 1, NULL, NULL),
	(371, 73, 5, 1, NULL, NULL),
	(372, 73, 8, 0, NULL, NULL),
	(373, 73, 9, 1, NULL, NULL),
	(374, 73, 11, 1, NULL, NULL),
	(375, 73, 12, 0, NULL, NULL),
	(376, 74, 1, 1, NULL, NULL),
	(377, 74, 5, 0, NULL, NULL),
	(378, 74, 6, 0, NULL, NULL),
	(379, 74, 9, 0, NULL, NULL),
	(380, 74, 11, 0, NULL, NULL),
	(381, 74, 12, 0, NULL, NULL),
	(382, 75, 1, 1, NULL, NULL),
	(383, 75, 5, 0, NULL, NULL),
	(384, 75, 8, 0, NULL, NULL),
	(385, 75, 9, 0, NULL, NULL),
	(386, 75, 14, 1, NULL, NULL),
	(387, 76, 6, 1, NULL, NULL),
	(388, 76, 7, 1, NULL, NULL),
	(389, 76, 8, 1, NULL, NULL),
	(390, 76, 10, 1, NULL, NULL),
	(391, 77, 1, 0, NULL, NULL),
	(392, 77, 2, 1, NULL, NULL),
	(393, 77, 3, 1, NULL, NULL),
	(394, 77, 6, 1, NULL, NULL),
	(395, 77, 9, 0, NULL, NULL),
	(396, 77, 11, 0, NULL, NULL),
	(397, 77, 13, 0, NULL, NULL),
	(398, 78, 3, 1, NULL, NULL),
	(399, 78, 5, 1, NULL, NULL),
	(400, 78, 6, 1, NULL, NULL),
	(401, 78, 10, 1, NULL, NULL),
	(402, 78, 14, 1, NULL, NULL),
	(403, 79, 1, 1, NULL, NULL),
	(404, 79, 2, 0, NULL, NULL),
	(405, 79, 3, 0, NULL, NULL),
	(406, 79, 5, 1, NULL, NULL),
	(407, 79, 6, 0, NULL, NULL),
	(408, 79, 7, 1, NULL, NULL),
	(409, 79, 8, 1, NULL, NULL),
	(410, 79, 9, 1, NULL, NULL),
	(411, 80, 5, 0, NULL, NULL),
	(412, 80, 7, 0, NULL, NULL),
	(413, 80, 8, 0, NULL, NULL),
	(414, 80, 9, 0, NULL, NULL),
	(415, 80, 11, 1, NULL, NULL),
	(416, 81, 2, 0, NULL, NULL),
	(417, 81, 7, 0, NULL, NULL),
	(418, 81, 9, 1, NULL, NULL),
	(419, 81, 12, 1, NULL, NULL),
	(420, 82, 1, 1, NULL, NULL),
	(421, 82, 4, 0, NULL, NULL),
	(422, 82, 7, 0, NULL, NULL),
	(423, 82, 9, 1, NULL, NULL),
	(424, 82, 13, 0, NULL, NULL),
	(425, 82, 15, 1, NULL, NULL),
	(426, 83, 1, 1, NULL, NULL),
	(427, 83, 7, 1, NULL, NULL),
	(428, 84, 2, 1, NULL, NULL),
	(429, 84, 7, 0, NULL, NULL),
	(430, 84, 11, 1, NULL, NULL),
	(431, 84, 15, 0, NULL, NULL),
	(432, 85, 3, 1, NULL, NULL),
	(433, 85, 7, 1, NULL, NULL),
	(434, 85, 8, 1, NULL, NULL),
	(435, 86, 1, 1, NULL, NULL),
	(436, 86, 2, 0, NULL, NULL),
	(437, 86, 3, 1, NULL, NULL),
	(438, 86, 10, 0, NULL, NULL),
	(439, 86, 11, 0, NULL, NULL),
	(440, 87, 1, 0, NULL, NULL),
	(441, 87, 3, 0, NULL, NULL),
	(442, 87, 5, 0, NULL, NULL),
	(443, 87, 6, 1, NULL, NULL),
	(444, 87, 9, 1, NULL, NULL),
	(445, 87, 13, 1, NULL, NULL),
	(446, 88, 9, 1, NULL, NULL),
	(447, 88, 10, 1, NULL, NULL),
	(448, 89, 12, 0, NULL, NULL),
	(449, 89, 13, 0, NULL, NULL),
	(450, 89, 15, 1, NULL, NULL),
	(451, 90, 2, 0, NULL, NULL),
	(452, 90, 5, 1, NULL, NULL),
	(453, 90, 11, 1, NULL, NULL),
	(454, 90, 12, 1, NULL, NULL),
	(455, 90, 13, 0, NULL, NULL),
	(456, 90, 15, 0, NULL, NULL),
	(457, 91, 2, 1, NULL, NULL),
	(458, 91, 3, 1, NULL, NULL),
	(459, 91, 15, 0, NULL, NULL),
	(460, 92, 5, 1, NULL, NULL),
	(461, 92, 8, 1, NULL, NULL),
	(462, 92, 11, 0, NULL, NULL),
	(463, 92, 15, 1, NULL, NULL),
	(464, 93, 6, 1, NULL, NULL),
	(465, 93, 8, 1, NULL, NULL),
	(466, 93, 9, 1, NULL, NULL),
	(467, 93, 11, 1, NULL, NULL),
	(468, 93, 13, 1, NULL, NULL),
	(469, 93, 14, 0, NULL, NULL),
	(470, 94, 7, 0, NULL, NULL),
	(471, 94, 8, 0, NULL, NULL),
	(472, 94, 11, 1, NULL, NULL),
	(473, 94, 15, 1, NULL, NULL),
	(474, 95, 4, 1, NULL, NULL),
	(475, 95, 8, 0, NULL, NULL),
	(476, 95, 11, 1, NULL, NULL),
	(477, 95, 13, 0, NULL, NULL),
	(478, 95, 14, 1, NULL, NULL),
	(479, 96, 3, 0, NULL, NULL),
	(480, 96, 8, 0, NULL, NULL),
	(481, 96, 12, 1, NULL, NULL),
	(482, 96, 15, 1, NULL, NULL),
	(483, 97, 1, 0, NULL, NULL),
	(484, 97, 6, 0, NULL, NULL),
	(485, 97, 8, 1, NULL, NULL),
	(486, 98, 2, 0, NULL, NULL),
	(487, 98, 6, 0, NULL, NULL),
	(488, 98, 13, 1, NULL, NULL),
	(489, 98, 14, 0, NULL, NULL),
	(490, 98, 15, 0, NULL, NULL),
	(491, 99, 2, 0, NULL, NULL),
	(492, 99, 3, 1, NULL, NULL),
	(493, 99, 10, 1, NULL, NULL),
	(494, 99, 12, 0, NULL, NULL),
	(495, 99, 15, 0, NULL, NULL),
	(496, 100, 6, 1, NULL, NULL),
	(497, 100, 11, 0, NULL, NULL),
	(498, 100, 12, 0, NULL, NULL),
	(499, 101, 3, 0, NULL, NULL),
	(500, 101, 4, 0, NULL, NULL),
	(501, 101, 6, 0, NULL, NULL),
	(502, 101, 7, 1, NULL, NULL),
	(503, 101, 12, 0, NULL, NULL),
	(504, 101, 14, 0, NULL, NULL),
	(505, 101, 15, 0, NULL, NULL),
	(506, 102, 3, 1, NULL, NULL),
	(507, 102, 9, 1, NULL, NULL),
	(508, 102, 11, 0, NULL, NULL),
	(509, 102, 13, 0, NULL, NULL),
	(510, 102, 15, 1, NULL, NULL),
	(511, 103, 1, 0, NULL, NULL),
	(512, 103, 7, 0, NULL, NULL),
	(513, 103, 10, 0, NULL, NULL),
	(514, 103, 15, 0, NULL, NULL),
	(515, 104, 3, 1, NULL, NULL),
	(516, 104, 4, 1, NULL, NULL),
	(517, 104, 13, 0, NULL, NULL),
	(518, 105, 1, 0, NULL, NULL),
	(519, 105, 3, 1, NULL, NULL),
	(520, 105, 7, 0, NULL, NULL),
	(521, 105, 12, 0, NULL, NULL),
	(522, 105, 13, 1, NULL, NULL),
	(523, 105, 14, 0, NULL, NULL),
	(524, 105, 15, 1, NULL, NULL),
	(525, 106, 6, 0, NULL, NULL),
	(526, 106, 7, 0, NULL, NULL),
	(527, 106, 8, 1, NULL, NULL),
	(528, 106, 9, 1, NULL, NULL),
	(529, 106, 13, 1, NULL, NULL),
	(530, 106, 15, 1, NULL, NULL),
	(531, 107, 2, 1, NULL, NULL),
	(532, 107, 6, 0, NULL, NULL),
	(533, 107, 9, 1, NULL, NULL),
	(534, 107, 12, 0, NULL, NULL),
	(535, 107, 15, 1, NULL, NULL),
	(536, 108, 2, 1, NULL, NULL),
	(537, 108, 3, 0, NULL, NULL),
	(538, 108, 6, 0, NULL, NULL),
	(539, 108, 9, 0, NULL, NULL),
	(540, 108, 11, 0, NULL, NULL),
	(541, 108, 15, 1, NULL, NULL),
	(542, 109, 15, 1, NULL, NULL),
	(543, 110, 6, 1, NULL, NULL),
	(544, 110, 8, 1, NULL, NULL),
	(545, 110, 9, 1, NULL, NULL),
	(546, 110, 13, 0, NULL, NULL),
	(547, 111, 1, 0, NULL, NULL),
	(548, 111, 11, 1, NULL, NULL),
	(549, 112, 2, 0, NULL, NULL),
	(550, 112, 9, 0, NULL, NULL),
	(551, 112, 12, 1, NULL, NULL),
	(552, 112, 15, 1, NULL, NULL),
	(553, 113, 2, 0, NULL, NULL),
	(554, 113, 6, 1, NULL, NULL),
	(555, 113, 7, 0, NULL, NULL),
	(556, 113, 8, 0, NULL, NULL),
	(557, 113, 10, 0, NULL, NULL),
	(558, 113, 11, 0, NULL, NULL),
	(559, 114, 3, 1, NULL, NULL),
	(560, 114, 6, 0, NULL, NULL),
	(561, 114, 9, 1, NULL, NULL),
	(562, 114, 10, 0, NULL, NULL),
	(563, 114, 11, 1, NULL, NULL),
	(564, 114, 14, 0, NULL, NULL),
	(565, 115, 1, 0, NULL, NULL),
	(566, 115, 2, 0, NULL, NULL),
	(567, 115, 3, 0, NULL, NULL),
	(568, 115, 5, 0, NULL, NULL),
	(569, 115, 7, 0, NULL, NULL),
	(570, 115, 12, 0, NULL, NULL),
	(571, 115, 13, 1, NULL, NULL),
	(572, 115, 14, 0, NULL, NULL),
	(573, 116, 4, 1, NULL, NULL),
	(574, 116, 5, 0, NULL, NULL),
	(575, 116, 6, 1, NULL, NULL),
	(576, 116, 8, 1, NULL, NULL),
	(577, 116, 13, 0, NULL, NULL),
	(578, 116, 15, 0, NULL, NULL),
	(579, 117, 1, 1, NULL, NULL),
	(580, 117, 4, 0, NULL, NULL),
	(581, 117, 8, 1, NULL, NULL),
	(582, 117, 9, 1, NULL, NULL),
	(583, 117, 10, 1, NULL, NULL),
	(584, 117, 13, 0, NULL, NULL),
	(585, 117, 14, 1, NULL, NULL),
	(586, 117, 15, 1, NULL, NULL),
	(587, 118, 3, 0, NULL, NULL),
	(588, 118, 6, 1, NULL, NULL),
	(589, 118, 11, 1, NULL, NULL),
	(590, 119, 2, 1, NULL, NULL),
	(591, 119, 11, 1, NULL, NULL),
	(592, 120, 7, 0, NULL, NULL),
	(593, 120, 10, 0, NULL, NULL),
	(594, 120, 12, 1, NULL, NULL),
	(595, 120, 15, 1, NULL, NULL),
	(596, 121, 2, 1, NULL, NULL),
	(597, 121, 5, 1, NULL, NULL),
	(598, 121, 7, 1, NULL, NULL),
	(599, 121, 8, 0, NULL, NULL),
	(600, 121, 12, 1, NULL, NULL),
	(601, 121, 13, 0, NULL, NULL),
	(602, 121, 15, 0, NULL, NULL),
	(603, 122, 2, 1, NULL, NULL),
	(604, 122, 4, 1, NULL, NULL),
	(605, 122, 5, 1, NULL, NULL),
	(606, 122, 6, 1, NULL, NULL),
	(607, 122, 7, 1, NULL, NULL),
	(608, 122, 8, 0, NULL, NULL),
	(609, 122, 9, 1, NULL, NULL),
	(610, 122, 10, 0, NULL, NULL),
	(611, 122, 15, 0, NULL, NULL),
	(612, 123, 5, 1, NULL, NULL),
	(613, 123, 7, 0, NULL, NULL),
	(614, 123, 8, 1, NULL, NULL),
	(615, 123, 9, 0, NULL, NULL),
	(616, 123, 13, 1, NULL, NULL),
	(617, 124, 4, 0, NULL, NULL),
	(618, 124, 6, 0, NULL, NULL),
	(619, 124, 8, 0, NULL, NULL),
	(620, 125, 2, 1, NULL, NULL),
	(621, 125, 5, 1, NULL, NULL),
	(622, 125, 8, 0, NULL, NULL),
	(623, 125, 10, 1, NULL, NULL),
	(624, 125, 12, 0, NULL, NULL),
	(625, 126, 1, 1, NULL, NULL),
	(626, 126, 3, 0, NULL, NULL),
	(627, 126, 7, 1, NULL, NULL),
	(628, 126, 8, 0, NULL, NULL),
	(629, 126, 9, 1, NULL, NULL),
	(630, 126, 13, 1, NULL, NULL),
	(631, 127, 2, 1, NULL, NULL),
	(632, 127, 4, 0, NULL, NULL),
	(633, 127, 8, 1, NULL, NULL),
	(634, 127, 10, 0, NULL, NULL),
	(635, 127, 12, 0, NULL, NULL),
	(636, 128, 1, 0, NULL, NULL),
	(637, 128, 2, 1, NULL, NULL),
	(638, 128, 4, 1, NULL, NULL),
	(639, 128, 8, 0, NULL, NULL),
	(640, 128, 10, 1, NULL, NULL),
	(641, 128, 11, 1, NULL, NULL),
	(642, 128, 14, 0, NULL, NULL),
	(643, 129, 4, 1, NULL, NULL),
	(644, 129, 5, 1, NULL, NULL),
	(645, 129, 6, 1, NULL, NULL),
	(646, 129, 9, 1, NULL, NULL),
	(647, 129, 12, 1, NULL, NULL),
	(648, 129, 13, 0, NULL, NULL),
	(649, 129, 15, 1, NULL, NULL),
	(650, 130, 1, 1, NULL, NULL),
	(651, 130, 2, 0, NULL, NULL),
	(652, 130, 4, 1, NULL, NULL),
	(653, 130, 6, 1, NULL, NULL),
	(654, 130, 13, 1, NULL, NULL),
	(655, 131, 3, 1, NULL, NULL),
	(656, 131, 11, 1, NULL, NULL),
	(657, 131, 13, 0, NULL, NULL),
	(658, 132, 1, 1, NULL, NULL),
	(659, 132, 14, 1, NULL, NULL),
	(660, 133, 1, 1, NULL, NULL),
	(661, 133, 3, 1, NULL, NULL),
	(662, 133, 8, 1, NULL, NULL),
	(663, 133, 9, 1, NULL, NULL),
	(664, 133, 14, 1, NULL, NULL),
	(665, 134, 1, 1, NULL, NULL),
	(666, 134, 5, 1, NULL, NULL),
	(667, 134, 6, 1, NULL, NULL),
	(668, 134, 11, 1, NULL, NULL),
	(669, 134, 13, 0, NULL, NULL),
	(670, 135, 2, 0, NULL, NULL),
	(671, 135, 5, 0, NULL, NULL),
	(672, 135, 6, 0, NULL, NULL),
	(673, 135, 8, 1, NULL, NULL),
	(674, 135, 9, 1, NULL, NULL),
	(675, 135, 12, 0, NULL, NULL),
	(676, 136, 3, 1, NULL, NULL),
	(677, 136, 5, 1, NULL, NULL),
	(678, 137, 1, 0, NULL, NULL),
	(679, 137, 2, 1, NULL, NULL),
	(680, 137, 3, 1, NULL, NULL),
	(681, 137, 4, 0, NULL, NULL),
	(682, 137, 8, 0, NULL, NULL),
	(683, 137, 11, 1, NULL, NULL),
	(684, 137, 12, 0, NULL, NULL),
	(685, 137, 14, 0, NULL, NULL),
	(686, 138, 2, 0, NULL, NULL),
	(687, 138, 8, 1, NULL, NULL),
	(688, 138, 9, 0, NULL, NULL),
	(689, 138, 10, 0, NULL, NULL),
	(690, 138, 11, 0, NULL, NULL),
	(691, 138, 14, 0, NULL, NULL),
	(692, 139, 2, 1, NULL, NULL),
	(693, 139, 5, 1, NULL, NULL),
	(694, 139, 10, 0, NULL, NULL),
	(695, 139, 13, 1, NULL, NULL),
	(696, 140, 1, 0, NULL, NULL),
	(697, 140, 2, 1, NULL, NULL),
	(698, 140, 5, 1, NULL, NULL),
	(699, 140, 6, 1, NULL, NULL),
	(700, 140, 9, 0, NULL, NULL),
	(701, 140, 10, 1, NULL, NULL),
	(702, 140, 15, 0, NULL, NULL),
	(703, 141, 1, 0, NULL, NULL),
	(704, 141, 3, 1, NULL, NULL),
	(705, 141, 7, 1, NULL, NULL),
	(706, 141, 10, 0, NULL, NULL),
	(707, 141, 11, 0, NULL, NULL),
	(708, 141, 14, 0, NULL, NULL),
	(709, 142, 3, 0, NULL, NULL),
	(710, 142, 4, 0, NULL, NULL),
	(711, 142, 6, 1, NULL, NULL),
	(712, 142, 7, 1, NULL, NULL),
	(713, 142, 9, 1, NULL, NULL),
	(714, 142, 10, 0, NULL, NULL),
	(715, 142, 12, 0, NULL, NULL),
	(716, 142, 13, 1, NULL, NULL),
	(717, 142, 14, 0, NULL, NULL),
	(718, 143, 5, 1, NULL, NULL),
	(719, 143, 8, 0, NULL, NULL),
	(720, 143, 9, 0, NULL, NULL),
	(721, 143, 13, 1, NULL, NULL),
	(722, 143, 15, 1, NULL, NULL),
	(723, 144, 2, 0, NULL, NULL),
	(724, 144, 8, 1, NULL, NULL),
	(725, 144, 9, 0, NULL, NULL),
	(726, 144, 14, 1, NULL, NULL),
	(727, 145, 4, 1, NULL, NULL),
	(728, 145, 8, 1, NULL, NULL),
	(729, 145, 9, 0, NULL, NULL),
	(730, 145, 11, 0, NULL, NULL),
	(731, 145, 12, 1, NULL, NULL),
	(732, 145, 13, 1, NULL, NULL),
	(733, 145, 15, 1, NULL, NULL),
	(734, 146, 2, 0, NULL, NULL),
	(735, 146, 6, 0, NULL, NULL),
	(736, 146, 10, 1, NULL, NULL),
	(737, 146, 12, 0, NULL, NULL),
	(738, 147, 3, 0, NULL, NULL),
	(739, 147, 5, 1, NULL, NULL),
	(740, 147, 8, 1, NULL, NULL),
	(741, 147, 9, 0, NULL, NULL),
	(742, 147, 14, 0, NULL, NULL),
	(743, 147, 15, 0, NULL, NULL),
	(744, 148, 2, 1, NULL, NULL),
	(745, 148, 5, 0, NULL, NULL),
	(746, 148, 15, 0, NULL, NULL),
	(747, 149, 1, 1, NULL, NULL),
	(748, 149, 3, 0, NULL, NULL),
	(749, 149, 5, 0, NULL, NULL),
	(750, 149, 6, 1, NULL, NULL),
	(751, 149, 12, 1, NULL, NULL),
	(752, 150, 5, 1, NULL, NULL),
	(753, 150, 7, 0, NULL, NULL),
	(754, 151, 1, 0, NULL, NULL),
	(755, 151, 2, 1, NULL, NULL),
	(756, 151, 3, 1, NULL, NULL),
	(757, 151, 5, 1, NULL, NULL),
	(758, 151, 6, 0, NULL, NULL),
	(759, 151, 8, 1, NULL, NULL),
	(760, 151, 13, 1, NULL, NULL),
	(761, 152, 7, 0, NULL, NULL),
	(762, 152, 9, 0, NULL, NULL),
	(763, 152, 11, 1, NULL, NULL),
	(764, 152, 12, 0, NULL, NULL),
	(765, 152, 14, 0, NULL, NULL),
	(766, 152, 15, 0, NULL, NULL),
	(767, 153, 1, 1, NULL, NULL),
	(768, 153, 3, 0, NULL, NULL),
	(769, 153, 4, 1, NULL, NULL),
	(770, 153, 6, 1, NULL, NULL),
	(771, 153, 7, 1, NULL, NULL),
	(772, 153, 13, 0, NULL, NULL),
	(773, 154, 5, 1, NULL, NULL),
	(774, 154, 6, 1, NULL, NULL),
	(775, 154, 12, 1, NULL, NULL),
	(776, 154, 13, 0, NULL, NULL),
	(777, 155, 4, 0, NULL, NULL),
	(778, 155, 5, 0, NULL, NULL),
	(779, 155, 8, 1, NULL, NULL),
	(780, 155, 12, 1, NULL, NULL),
	(781, 155, 15, 0, NULL, NULL),
	(782, 156, 2, 1, NULL, NULL),
	(783, 156, 5, 0, NULL, NULL),
	(784, 156, 14, 0, NULL, NULL);

-- Дамп структуры для таблица filmhunter.migrations
CREATE TABLE IF NOT EXISTS `migrations` (
  `id` int unsigned NOT NULL AUTO_INCREMENT,
  `migration` varchar(255) COLLATE utf8mb4_unicode_ci NOT NULL,
  `batch` int NOT NULL,
  PRIMARY KEY (`id`)
) ENGINE=InnoDB AUTO_INCREMENT=19 DEFAULT CHARSET=utf8mb4 COLLATE=utf8mb4_unicode_ci;

-- Дамп данных таблицы filmhunter.migrations: ~0 rows (приблизительно)
INSERT INTO `migrations` (`id`, `migration`, `batch`) VALUES
	(1, '1024_06_07_154742_create_users_table', 1),
	(2, '2019_12_14_000001_create_personal_access_tokens_table', 1),
	(3, '2024_01_04_194223_add_is_admin_to_users', 1),
	(4, '2024_01_08_064946_add_soft_delete_to_users', 1),
	(5, '2024_01_08_140445_add_avatar_to_users', 1),
	(6, '2024_01_10_103748_create_terms_table', 1),
	(7, '2024_01_10_114353_add_title_to_terms', 1),
	(8, '2024_01_18_073210_create_films_table', 1),
	(9, '2024_01_19_182644_add_volume_to_films', 1),
	(10, '2024_01_19_223103_change_genre_type_column_in_films_table', 1),
	(11, '2024_01_19_223416_change_author_and_price_columns_in_films_table', 1),
	(12, '2024_01_20_080838_add_duration_to_films_table', 1),
	(13, '2024_02_21_120612_create_likes_table', 1),
	(14, '2024_03_03_163217_create_comments_table', 1),
	(15, '2024_03_07_084014_delete_title_from_comments_table', 1),
	(16, '2024_03_10_175715_add_unique_rule_to_likes_table', 1),
	(17, '2024_06_07_155029_create_password_reset_tokens_table', 1),
	(18, '2024_06_07_155143_create_failed_jobs_table', 1);

-- Дамп структуры для таблица filmhunter.password_reset_tokens
CREATE TABLE IF NOT EXISTS `password_reset_tokens` (
  `email` varchar(255) COLLATE utf8mb4_unicode_ci NOT NULL,
  `token` varchar(255) COLLATE utf8mb4_unicode_ci NOT NULL,
  `created_at` timestamp NULL DEFAULT NULL,
  PRIMARY KEY (`email`)
) ENGINE=InnoDB DEFAULT CHARSET=utf8mb4 COLLATE=utf8mb4_unicode_ci;

-- Дамп данных таблицы filmhunter.password_reset_tokens: ~0 rows (приблизительно)

-- Дамп структуры для таблица filmhunter.personal_access_tokens
CREATE TABLE IF NOT EXISTS `personal_access_tokens` (
  `id` bigint unsigned NOT NULL AUTO_INCREMENT,
  `tokenable_type` varchar(255) COLLATE utf8mb4_unicode_ci NOT NULL,
  `tokenable_id` bigint unsigned NOT NULL,
  `name` varchar(255) COLLATE utf8mb4_unicode_ci NOT NULL,
  `token` varchar(64) COLLATE utf8mb4_unicode_ci NOT NULL,
  `abilities` text COLLATE utf8mb4_unicode_ci,
  `last_used_at` timestamp NULL DEFAULT NULL,
  `expires_at` timestamp NULL DEFAULT NULL,
  `created_at` timestamp NULL DEFAULT NULL,
  `updated_at` timestamp NULL DEFAULT NULL,
  PRIMARY KEY (`id`),
  UNIQUE KEY `personal_access_tokens_token_unique` (`token`),
  KEY `personal_access_tokens_tokenable_type_tokenable_id_index` (`tokenable_type`,`tokenable_id`)
) ENGINE=InnoDB DEFAULT CHARSET=utf8mb4 COLLATE=utf8mb4_unicode_ci;

-- Дамп данных таблицы filmhunter.personal_access_tokens: ~0 rows (приблизительно)

-- Дамп структуры для таблица filmhunter.terms
CREATE TABLE IF NOT EXISTS `terms` (
  `id` bigint unsigned NOT NULL AUTO_INCREMENT,
  `title` varchar(255) COLLATE utf8mb4_unicode_ci NOT NULL,
  `content` text COLLATE utf8mb4_unicode_ci NOT NULL,
  `created_at` timestamp NULL DEFAULT NULL,
  `updated_at` timestamp NULL DEFAULT NULL,
  PRIMARY KEY (`id`)
) ENGINE=InnoDB AUTO_INCREMENT=6 DEFAULT CHARSET=utf8mb4 COLLATE=utf8mb4_unicode_ci;

-- Дамп данных таблицы filmhunter.terms: ~5 rows (приблизительно)
INSERT INTO `terms` (`id`, `title`, `content`, `created_at`, `updated_at`) VALUES
	(1, 'sunt autem ut', 'Rem itaque nemo velit ipsam exercitationem. Eos vitae facere quasi. Dolores aspernatur ullam enim autem ipsum placeat. Et id omnis hic ut. Est labore optio asperiores corrupti. Quo unde aut mollitia tempore. Totam optio omnis eos dolores. Officia temporibus eaque aut. Aut culpa omnis sit non et doloremque commodi. Sint et natus aut suscipit iste ullam.', NULL, NULL),
	(2, 'et voluptas quisquam', 'Alias accusamus facilis voluptate et architecto. In non aut perspiciatis esse aliquam. Aperiam ea molestiae esse dolore. Quae officia possimus quae accusantium est vero aut. Beatae in ut consequuntur. Eaque deleniti magnam incidunt et dolor suscipit blanditiis officiis. Mollitia delectus sint ut et expedita iure. Fugiat quo eius repellendus optio aut iusto voluptates. Nisi enim aliquam temporibus recusandae aliquam. Qui beatae ut vel tempora ab et modi laudantium.', NULL, NULL),
	(3, 'temporibus atque vitae', 'Vitae quam architecto iusto quasi ipsa dolore. Quasi repellat culpa dolor. Magnam suscipit explicabo et voluptas eaque eaque quibusdam. Quam natus sed harum veritatis explicabo. Et quasi odio nostrum reprehenderit aliquam vel adipisci. Dignissimos dolorum dicta accusantium amet expedita sed quis suscipit. Veniam labore in aut architecto nisi dolor. Laudantium dolores officiis earum voluptates nihil et voluptatibus. Laudantium excepturi cum et et. Veritatis ea commodi accusantium ex.', NULL, NULL),
	(4, 'sunt laudantium autem', 'Commodi laboriosam beatae voluptates. Optio illo quia minima id in temporibus. Vitae similique ut dignissimos vel a quia. Ea omnis ut consequatur sint sed sunt nesciunt. Est cum sed quam velit laudantium. Inventore corporis sunt ut nostrum. Ut modi tempore quo non. Reprehenderit sapiente odio architecto illum facilis animi. Et modi harum distinctio impedit atque est ut autem. Eos sed rerum blanditiis ut autem. Impedit ipsa est omnis iusto eveniet iure. Enim ut voluptatum explicabo enim mollitia architecto nobis deleniti.', NULL, NULL),
	(5, 'voluptatem dolor distinctio', 'Debitis incidunt nam et qui suscipit. Omnis iste laboriosam consequatur. Eveniet mollitia eaque voluptatem officia. Mollitia sapiente quia sint iusto ducimus. Voluptates pariatur consequatur consequuntur in ducimus ab. Dolorem qui inventore consequatur dolores architecto ipsa. Consequatur iusto quod itaque distinctio nam. Excepturi quae dolorem sint dicta nihil maxime voluptatum. Ut et et non ipsum. Nulla rerum et quos eos quis quae.', NULL, NULL);

-- Дамп структуры для таблица filmhunter.users
CREATE TABLE IF NOT EXISTS `users` (
  `id` bigint unsigned NOT NULL AUTO_INCREMENT,
  `name` varchar(255) COLLATE utf8mb4_unicode_ci NOT NULL,
  `is_admin` tinyint(1) NOT NULL DEFAULT '0',
  `phone_number` varchar(255) COLLATE utf8mb4_unicode_ci NOT NULL,
  `email` varchar(255) COLLATE utf8mb4_unicode_ci NOT NULL,
  `avatar` varchar(255) COLLATE utf8mb4_unicode_ci DEFAULT NULL,
  `password` varchar(255) COLLATE utf8mb4_unicode_ci NOT NULL,
  `remember_token` varchar(100) COLLATE utf8mb4_unicode_ci DEFAULT NULL,
  `created_at` timestamp NULL DEFAULT NULL,
  `updated_at` timestamp NULL DEFAULT NULL,
  `deleted_at` timestamp NULL DEFAULT NULL,
  PRIMARY KEY (`id`),
  UNIQUE KEY `users_phone_number_unique` (`phone_number`),
  UNIQUE KEY `users_email_unique` (`email`)
) ENGINE=InnoDB AUTO_INCREMENT=157 DEFAULT CHARSET=utf8mb4 COLLATE=utf8mb4_unicode_ci;

-- Дамп данных таблицы filmhunter.users: ~156 rows (приблизительно)
INSERT INTO `users` (`id`, `name`, `is_admin`, `phone_number`, `email`, `avatar`, `password`, `remember_token`, `created_at`, `updated_at`, `deleted_at`) VALUES
	(1, 'Sergey Tykvov', 1, '12345678', 'egorsha2005@gmail.com', NULL, '$2y$12$H.pEYjlgoB3L1eTqmNP92esKunM/6q9WrXffonamdLjlcEc.4SHny', NULL, '2024-10-01 07:16:18', '2024-10-01 07:16:18', NULL),
	(2, 'Theresia McClure II', 0, '+1.817.791.1378', 'kimberly60@example.net', NULL, '$2y$12$NmKcREyY/lDGpsOprmCoXOL1gROShLz6f2k/kOstuBimP2lbu8xFC', NULL, '2024-10-01 07:16:55', '2024-10-01 07:16:55', NULL),
	(3, 'Amparo Marquardt', 0, '678.540.7531', 'guy.reilly@example.com', NULL, '$2y$12$40Km7UvzZpFzfs6Wja7FrO5tIcM6FKbNZRV2EnPWqzO1vxUaePhfi', NULL, '2024-10-01 07:16:55', '2024-10-01 07:16:55', NULL),
	(4, 'Joyce Bednar', 0, '779.397.9832', 'violette71@example.org', NULL, '$2y$12$yeLymSVGCpTEeXktE6uyU.4vDzU1BEgGZP2nN6gxbFnovmzRMjQKi', NULL, '2024-10-01 07:16:55', '2024-10-01 07:16:55', NULL),
	(5, 'Ahmad Pagac', 0, '458-774-7941', 'hertha.kling@example.com', NULL, '$2y$12$D5y4Vs1XSq.0Dj57DzO45.iBfkBa2L1EyM3IB/dI4QvEvdE44jqmy', NULL, '2024-10-01 07:16:55', '2024-10-01 07:16:55', NULL),
	(6, 'Frankie Runte', 0, '+1-646-657-2693', 'delaney.cole@example.com', NULL, '$2y$12$5eplKEAwuzZaievBcWhMMOsM2nVt1PVEDXFeIYgWbF96BESwNZWJu', NULL, '2024-10-01 07:16:55', '2024-10-01 07:16:55', NULL),
	(7, 'Selina Corwin Sr.', 0, '636-384-3941', 'crist.justyn@example.net', NULL, '$2y$12$/hBZAdJo22j9u3oMaEvLburuTQ59Cf147Tic3eDwIUlINgpLP1RIS', NULL, '2024-10-01 07:16:55', '2024-10-01 07:16:55', NULL),
	(8, 'Myrna Ferry', 0, '(641) 861-3506', 'cummings.cayla@example.org', NULL, '$2y$12$dIT5h3IMrb9whKeWT2GvrOHJb01GdxvHi19.2PrJFSK1N7fHHqkeW', NULL, '2024-10-01 07:16:55', '2024-10-01 07:16:55', NULL),
	(9, 'Octavia Denesik', 0, '424.427.1080', 'casper.ibrahim@example.net', NULL, '$2y$12$eTYy1GvkuIexgFMvASABzuUps5sXKUfMhFbaNg9jdReREPAVpZcRK', NULL, '2024-10-01 07:16:55', '2024-10-01 07:16:55', NULL),
	(10, 'Jace Monahan', 0, '(281) 960-3336', 'dglover@example.org', NULL, '$2y$12$x9nvtbVGrBpTspDndOLABO7OJa7ubjrsBrWYPJ3w60Gy0xyTBl/Be', NULL, '2024-10-01 07:16:55', '2024-10-01 07:16:55', NULL),
	(11, 'Dexter Pfannerstill', 0, '+1-928-224-2760', 'serena.lynch@example.org', NULL, '$2y$12$JqLu3H387mOXRb18qdhiVuLfVbMQF.o/lGCYi1EYu1cE3C2pqKTFu', NULL, '2024-10-01 07:16:55', '2024-10-01 07:16:55', NULL),
	(12, 'Karli Koelpin', 0, '+1.570.735.3389', 'wcollier@example.net', NULL, '$2y$12$8wFWu.Pu7vEtBoTsqDH.UeTaTpm6ajh0NvYkvut.5biXeACJwGzSK', NULL, '2024-10-01 07:16:55', '2024-10-01 07:16:55', NULL),
	(13, 'Lea Herman', 0, '(763) 865-4328', 'dubuque.janice@example.com', NULL, '$2y$12$jMZp1Jgoed3WDYnDyp3hLOOGTn41wDWkPcDNNto8oUqIE4JfNYhC2', NULL, '2024-10-01 07:16:55', '2024-10-01 07:16:55', NULL),
	(14, 'Stacy Baumbach', 0, '(715) 946-7626', 'berenice.wisoky@example.org', NULL, '$2y$12$Yut9aqFCq0PHXYbSx64tCOHl8i6lcHsnZF2ZbLn0.O/Mu.YEEHBAi', NULL, '2024-10-01 07:16:55', '2024-10-01 07:16:55', NULL),
	(15, 'Floyd Altenwerth', 0, '+1 (916) 480-3721', 'ustiedemann@example.org', NULL, '$2y$12$vu82x9K/V2aW6w8zlbxdauh6J..MdDmt4JJJckjo4LRelxTDlsX/a', NULL, '2024-10-01 07:16:55', '2024-10-01 07:16:55', NULL),
	(16, 'Danial Lynch', 0, '(351) 337-0289', 'morissette.akeem@example.com', NULL, '$2y$12$zdouXIIy0qBBqaM2C3P0rufcuc2Z5fYeHs7BMc9SxH8XcjnYbu0Oq', NULL, '2024-10-01 07:16:55', '2024-10-01 07:16:55', NULL),
	(17, 'Prof. Guadalupe Casper', 0, '(220) 485-2758', 'isaiah03@example.net', NULL, '$2y$12$12f3AXQMvzAP4J0KU.jQ8OcPSy2ByG9WJ5MkF2cSudUiVGCe9HJdS', NULL, '2024-10-01 07:16:55', '2024-10-01 07:16:55', NULL),
	(18, 'Kaylah Berge', 0, '629.210.7059', 'oral21@example.com', NULL, '$2y$12$R/jVspJR7kU1ygdAQsOVo.SDO4/hGxW/Ho3dKe3Xjia0GnVzDTMpq', NULL, '2024-10-01 07:16:55', '2024-10-01 07:16:55', NULL),
	(19, 'Celestine Simonis', 0, '+1-938-327-9701', 'connor17@example.com', NULL, '$2y$12$Z55iKGFg9HwSq131sLRkBubaaS72xCWbI4qER4i44AaK7LkkPGk6S', NULL, '2024-10-01 07:16:55', '2024-10-01 07:16:55', NULL),
	(20, 'Eduardo Wisoky', 0, '352.731.0645', 'wilton58@example.net', NULL, '$2y$12$V.U4U0Wn3WLyGyL7OGBmB.20WI4WIHTeY4YJfp3cXOUIxXMI08O.q', NULL, '2024-10-01 07:16:55', '2024-10-01 07:16:55', NULL),
	(21, 'Yasmeen Satterfield', 0, '929.562.3057', 'cristian.tremblay@example.com', NULL, '$2y$12$g6ujbUH35SuRLHY3oppNa..elFkBPLa8.3VzCw8mBKfyx.aZzCW7q', NULL, '2024-10-01 07:16:55', '2024-10-01 07:16:55', NULL),
	(22, 'Prof. Kadin White II', 0, '+1-540-469-2988', 'haskell06@example.org', NULL, '$2y$12$ioXwRr9O95P6zClj4GOp8ONRrohm0syIZ0pvK7p/Mg5UEBUrYKDgy', NULL, '2024-10-01 07:16:55', '2024-10-01 07:16:55', NULL),
	(23, 'Nils Douglas', 0, '+1-802-261-1762', 'qfritsch@example.net', NULL, '$2y$12$nxHnqw26JXKZmbN711L6Yu/Zih.HovYNaYckm0d5FyMYXowW551ri', NULL, '2024-10-01 07:16:55', '2024-10-01 07:16:55', NULL),
	(24, 'Olen Green', 0, '(901) 897-9339', 'bschamberger@example.com', NULL, '$2y$12$UwWGiLQoUAn.F1b6srjhc.Nd8Tv2qOTG5CpnN5.IPcEP4OXFnaDEa', NULL, '2024-10-01 07:16:55', '2024-10-01 07:16:55', NULL),
	(25, 'Prof. Mike Kirlin', 0, '+1.872.474.9073', 'timothy.mertz@example.org', NULL, '$2y$12$89I/6zP8yyxq5xKXAo4k.exXqbAb5MJYJ/CCHLSX67CU2Q.VAUZTO', NULL, '2024-10-01 07:16:55', '2024-10-01 07:16:55', NULL),
	(26, 'Prof. Amy Howell PhD', 0, '781.338.0382', 'crona.cordia@example.net', NULL, '$2y$12$7Q0zBVCT4qZvyx2HR08Uv.C.8axAsZ9mYPTZPVWVqKQQ9soMzWS.O', NULL, '2024-10-01 07:16:55', '2024-10-01 07:16:55', NULL),
	(27, 'Dr. Rebecca Ernser Sr.', 0, '351.692.7380', 'omer21@example.com', NULL, '$2y$12$33wJOkHSlRoIBHfusJT4B.XfMLqEu0lnZPFHjxbnisXsPe3y5aoZq', NULL, '2024-10-01 07:16:55', '2024-10-01 07:16:55', NULL),
	(28, 'Wilfredo Moen', 0, '+1 (301) 916-6616', 'cortez.schoen@example.com', NULL, '$2y$12$BAvtHshXuptckiNlJiqgR.q2iZlVXnp15LufbTyPSJJZwmoWr7VF2', NULL, '2024-10-01 07:16:55', '2024-10-01 07:16:55', NULL),
	(29, 'Paige Torphy', 0, '540.480.7161', 'lauretta58@example.net', NULL, '$2y$12$ffYx4pbSMjTPyyesRBpkNeC/qO/YJmMtbVX3Ox7oAp2gavnyFKgmW', NULL, '2024-10-01 07:16:55', '2024-10-01 07:16:55', NULL),
	(30, 'Prof. Bertha Turner', 0, '906-948-9267', 'baumbach.donna@example.org', NULL, '$2y$12$wupRW0u4qqRs.j.FCyD5BuOSP9JGLrE189Y6/hq65E9jgpb9S1.G6', NULL, '2024-10-01 07:16:55', '2024-10-01 07:16:55', NULL),
	(31, 'Isobel Dietrich', 0, '762.559.4478', 'carlo65@example.org', NULL, '$2y$12$IVzRLS3Qo3Xd9ktuYxMoAOUlJ5C8otopyPT/RgcbH71ISTFXTjlvK', NULL, '2024-10-01 07:16:55', '2024-10-01 07:16:55', NULL),
	(32, 'Valerie Mertz', 0, '1-479-973-0603', 'bromaguera@example.org', NULL, '$2y$12$JVDhBSV6Ji0b.cVU3e.0v.PNlphtNrxuo7Gn8Lt/MH6Yh0yFr8pXe', NULL, '2024-10-01 07:16:55', '2024-10-01 07:16:55', NULL),
	(33, 'Prof. Royal Cremin', 0, '820.735.2389', 'byost@example.com', NULL, '$2y$12$SFJZKFMb/mewBKCBk/NQwuX7OET1gc0ZrbHTAwWaXrWMAkeQYlV8m', NULL, '2024-10-01 07:16:55', '2024-10-01 07:16:55', NULL),
	(34, 'Caleb Lind', 0, '+12694344310', 'collier.delta@example.com', NULL, '$2y$12$BwcjzTqSwRXjOMoR8bQ9wepJxI4OSFIRDgBjCyCgKOHCwSNf.Lj8y', NULL, '2024-10-01 07:16:55', '2024-10-01 07:16:55', NULL),
	(35, 'Mr. Hans Swaniawski', 0, '+1 (574) 636-4677', 'cindy.schinner@example.com', NULL, '$2y$12$kk2cwLuusuKiAXW25jMy8u6plRyUKqTMOYiUp5sknhufXOhXJ5Bkm', NULL, '2024-10-01 07:16:55', '2024-10-01 07:16:55', NULL),
	(36, 'Maxwell Shanahan DVM', 0, '+1.734.708.5605', 'eward@example.org', NULL, '$2y$12$S/mn7KsKPWHDR5ZlzNai/OdPGVCyhdCTaLdXilCg5FgoBSOwVXRHy', NULL, '2024-10-01 07:16:55', '2024-10-01 07:16:55', NULL),
	(37, 'Douglas Wolf', 0, '205.814.0916', 'kemmer.lacey@example.com', NULL, '$2y$12$xp0QklreunGrxf0IxIJxheSvZJx4Shaoh1PfIksiCEQVc90TxWlby', NULL, '2024-10-01 07:16:55', '2024-10-01 07:16:55', NULL),
	(38, 'Dr. Henriette Erdman', 0, '1-949-442-4761', 'keebler.bianka@example.net', NULL, '$2y$12$UDMP/a7LPsY3YPQqji.kreBexSLPZIfod9Ha41jH0zKIPtmGR5Y/6', NULL, '2024-10-01 07:16:55', '2024-10-01 07:16:55', NULL),
	(39, 'Bryon Reilly MD', 0, '(763) 885-2504', 'romaguera.claudia@example.org', NULL, '$2y$12$z2VpLcqE58KoafWX468kAe4/6Ho/DpUAc1UgitJ3aQAhfXYhvMAPu', NULL, '2024-10-01 07:16:55', '2024-10-01 07:16:55', NULL),
	(40, 'River Kreiger', 0, '+1-530-686-8806', 'meghan95@example.com', NULL, '$2y$12$ZRBwcL1FZEzw8/UIi7HB4eUvtpnaZblvde7nf7oUWtjnxNacqzE22', NULL, '2024-10-01 07:16:55', '2024-10-01 07:16:55', NULL),
	(41, 'Dr. Bennie Hintz', 0, '(681) 533-9316', 'jarod03@example.net', NULL, '$2y$12$NhA9L6mJCM.QilnMhmooCOqgV/ohAPX.y/Ev80jbFg5vF.rV03o3i', NULL, '2024-10-01 07:16:55', '2024-10-01 07:16:55', NULL),
	(42, 'Mr. Cordelia Aufderhar', 0, '(480) 288-8324', 'juvenal.pfannerstill@example.com', NULL, '$2y$12$FghoJUZH5uACvfRCE618HuJKZmN6ltY0c/ncHuW/2plm7RgpqaXlq', NULL, '2024-10-01 07:16:55', '2024-10-01 07:16:55', NULL),
	(43, 'Emmy Jacobson', 0, '+1.470.429.6781', 'smitham.manuela@example.net', NULL, '$2y$12$rv/WF75lgBJVT4aECuwgwuADgEYRu7mANrSEO.adHCf4TVEgE.xOG', NULL, '2024-10-01 07:16:55', '2024-10-01 07:16:55', NULL),
	(44, 'Mrs. Bessie Fadel', 0, '+1.352.297.0613', 'missouri.paucek@example.org', NULL, '$2y$12$a80igS2dwBl94UHBCtxDY.tvrfXe87XO9ySjEGv5gG7gapqH2q63u', NULL, '2024-10-01 07:16:55', '2024-10-01 07:16:55', NULL),
	(45, 'Amiya Schuppe', 0, '(907) 914-6757', 'lysanne87@example.org', NULL, '$2y$12$JwQxXsclsRRyWItpvFaTx.Jpu7szPil63Jv64dDTmkQJrZDT/2qOy', NULL, '2024-10-01 07:16:55', '2024-10-01 07:16:55', NULL),
	(46, 'Dr. Hermina Keeling', 0, '325-828-1149', 'waters.hershel@example.net', NULL, '$2y$12$cqzLzFNFiYOLhrbS4grLYeoDAva2in50ioJvF0ZlifNYj.7LvpIrC', NULL, '2024-10-01 07:16:55', '2024-10-01 07:16:55', NULL),
	(47, 'Howell Haag', 0, '+1 (380) 315-3144', 'leannon.deshaun@example.org', NULL, '$2y$12$QL7b8.8l2OT90GF8QoHWtuXfiIrVoCH5Mqy3sISiG7TPcMssx40pi', NULL, '2024-10-01 07:16:55', '2024-10-01 07:16:55', NULL),
	(48, 'Dr. Quinton Bernier', 0, '240-224-1623', 'ufriesen@example.org', NULL, '$2y$12$bAKCLhWeQhqOpXIYjPpTq.Yq01cFAz53jQcm8rzaBbw1eapwVR/BC', NULL, '2024-10-01 07:16:55', '2024-10-01 07:16:55', NULL),
	(49, 'Mr. Clyde Koepp V', 0, '1-820-504-1736', 'lexi93@example.org', NULL, '$2y$12$YwwB/D9067lub265FiN0UeQ.be0dsvauRezHCVC/.hdsnXcoyux86', NULL, '2024-10-01 07:16:55', '2024-10-01 07:16:55', NULL),
	(50, 'Mr. Zane Fisher', 0, '+1-651-503-5792', 'brown.ondricka@example.com', NULL, '$2y$12$1gKhXfH5Fjs7vQMxwAHmrO7jctB4NDtF5Uis/6gW.sXJxZ8Dx6D0G', NULL, '2024-10-01 07:16:55', '2024-10-01 07:16:55', NULL),
	(51, 'Prof. Marcelino Kovacek', 0, '+1-540-965-8443', 'walsh.charley@example.net', NULL, '$2y$12$ahQPvNFJq6BP5lrUUBRvWuZt45MXhNJeg9cx1meUICApNnc0dzqHu', NULL, '2024-10-01 07:16:55', '2024-10-01 07:16:55', NULL),
	(52, 'Gianni Ledner', 0, '1-828-870-3072', 'cruickshank.jan@example.org', NULL, '$2y$12$CVkmfG31804DiYEnhj0gqu92ckklPWkkbN9ERL3bKlkNYMkV8z0L.', NULL, '2024-10-01 07:16:55', '2024-10-01 07:16:55', NULL),
	(53, 'Maxime Hahn DDS', 0, '1-956-363-6474', 'casper84@example.net', NULL, '$2y$12$A.LK5hi2RwY1Hx6znXhR7eYnxdl2RBPhMHjtwu3RpERPRkC38AyRa', NULL, '2024-10-01 07:16:55', '2024-10-01 07:16:55', NULL),
	(54, 'Stephen Wiza III', 0, '1-541-205-4299', 'ciara.gutkowski@example.net', NULL, '$2y$12$hI4M7oSx5Gf7NuBdEz3zMeibCWlsyU2k2BjVIWyLqE7KarRuKRlie', NULL, '2024-10-01 07:16:55', '2024-10-01 07:16:55', NULL),
	(55, 'Geovanni Adams', 0, '616.692.6918', 'mueller.keira@example.net', NULL, '$2y$12$ILplvAt2.eF04dHorZRbouQ8eBtMyTnzhar4aDIfF9rGat.s1Tq92', NULL, '2024-10-01 07:16:55', '2024-10-01 07:16:55', NULL),
	(56, 'Ruthe Gleason', 0, '+1.952.430.5521', 'annie.armstrong@example.com', NULL, '$2y$12$78htSvMM/3uP5DYumMlEPOX/ugvmysjAq1ZGkrpMUbCH2RAaM8T1W', NULL, '2024-10-01 07:16:55', '2024-10-01 07:16:55', NULL),
	(57, 'Blanca Daniel', 0, '757.346.1920', 'lincoln87@example.com', NULL, '$2y$12$b.iw3N18/v7Pl4GOBqHR5uq41bbBHVbYz6LGMsm1DQd5vTwn83at6', NULL, '2024-10-01 07:16:55', '2024-10-01 07:16:55', NULL),
	(58, 'Precious Smith', 0, '+17258135849', 'parker.arno@example.com', NULL, '$2y$12$nOXV0nsNFXkdOMdyB2HB9eAq.r46vvJZfpJDsfLRqxhElprOzxp2G', NULL, '2024-10-01 07:16:55', '2024-10-01 07:16:55', NULL),
	(59, 'Dr. Randal Pouros', 0, '308.262.0550', 'blaze15@example.com', NULL, '$2y$12$68SG9/xZTwVJhMhuD3dNnu9hrvaYCXZhKDJ/jHSE137izTZCIeZCi', NULL, '2024-10-01 07:16:55', '2024-10-01 07:16:55', NULL),
	(60, 'Kiana Prohaska', 0, '+1-906-389-2275', 'larkin.jerrold@example.org', NULL, '$2y$12$zfn6aTz3OgQCHVqK9QherOjcbrBgDZ31K.K8uCvR8naX9RtLe0qoG', NULL, '2024-10-01 07:16:55', '2024-10-01 07:16:55', NULL),
	(61, 'Santino Ortiz', 0, '1-240-387-8637', 'vheller@example.org', NULL, '$2y$12$ryrHXAgL1PKHHYZ01MdMg.w1nNwRXxKBABWWfeVPo77M5RVOfT3xW', NULL, '2024-10-01 07:16:55', '2024-10-01 07:16:55', NULL),
	(62, 'Brenna Von MD', 0, '463.776.6609', 'buckridge.delia@example.org', NULL, '$2y$12$lc8vQohJTOZybCD2B3Wek.lq47qJzRqEKMFd1pW/zlL0tfKgW0dJO', NULL, '2024-10-01 07:16:55', '2024-10-01 07:16:55', NULL),
	(63, 'Marcus Eichmann', 0, '315.654.8640', 'keffertz@example.com', NULL, '$2y$12$L4YTcmG.FbKjxWHUHnTPS.DrLU5374U8kWVm3Bos1f1iXqQlzSvWS', NULL, '2024-10-01 07:16:55', '2024-10-01 07:16:55', NULL),
	(64, 'Dr. Joyce Breitenberg', 0, '(747) 517-0558', 'price.assunta@example.org', NULL, '$2y$12$6MVtHeg0m3829zkbEQyAQuO5g.IIbd4gAEazrcjadlynpRfKcMfNW', NULL, '2024-10-01 07:16:55', '2024-10-01 07:16:55', NULL),
	(65, 'Dr. Kaelyn Schumm', 0, '+1 (830) 414-5869', 'krista16@example.org', NULL, '$2y$12$ylr.iXCAdmfd/qDwcCI.Seqxm.PWHuBVEVKxARm2l2qU3gB5v8jH.', NULL, '2024-10-01 07:16:55', '2024-10-01 07:16:55', NULL),
	(66, 'Breanne Welch', 0, '832.973.2208', 'coty92@example.com', NULL, '$2y$12$BraPXN9EeDz.9Gm/MvGc0eH7Qk3d5fXpGoxFSqW0iMqEDjtQYYKU6', NULL, '2024-10-01 07:16:55', '2024-10-01 07:16:55', NULL),
	(67, 'Gayle Feest', 0, '(947) 282-8882', 'czboncak@example.com', NULL, '$2y$12$FmyXz9uhL1KTkTifmB0TQeKLHEQZyWNaMbjCaWjj79jgJeyrbt/2e', NULL, '2024-10-01 07:16:55', '2024-10-01 07:16:55', NULL),
	(68, 'Fred Dickens DDS', 0, '872-252-8118', 'mosciski.okey@example.net', NULL, '$2y$12$cplg98pt1A2fwNJEhe3OU.wQsFMaQ5fQ7i2/YspgxTwn7t/Pvl0Wu', NULL, '2024-10-01 07:16:55', '2024-10-01 07:16:55', NULL),
	(69, 'Mr. Arno Ritchie DVM', 0, '+1-424-640-9375', 'pgleichner@example.com', NULL, '$2y$12$JUL4NWsazGFabdBVjFgOaesAGjIT2fCg.zIlNurGQcnYSA7RdRs56', NULL, '2024-10-01 07:16:55', '2024-10-01 07:16:55', NULL),
	(70, 'Jon Davis', 0, '1-770-202-2565', 'aniya19@example.net', NULL, '$2y$12$9jaf1LGX4nCJB1zgqHBL0u52ynL.iiLkz9p9WDpebf7qxJD92LqIi', NULL, '2024-10-01 07:16:55', '2024-10-01 07:16:55', NULL),
	(71, 'Clara Macejkovic', 0, '571.266.4256', 'bruce.stamm@example.net', NULL, '$2y$12$CjsELtQjlXMhmMng9DQ0le8rF120r4PUWOx2140NiGIDNNFt1nDO2', NULL, '2024-10-01 07:16:55', '2024-10-01 07:16:55', NULL),
	(72, 'Carmella Jacobi', 0, '(859) 229-0308', 'fkunde@example.com', NULL, '$2y$12$HZIv5VfEzbBfIB4ie0MU8eemUNCxUDC5LyRucMBWj2jfRIR3R2sHG', NULL, '2024-10-01 07:16:55', '2024-10-01 07:16:55', NULL),
	(73, 'Abner Flatley MD', 0, '208.957.7902', 'colton98@example.org', NULL, '$2y$12$av8S/Bs0QTqZSrrN2F8oEuqUjdqIXoGmWUOxZu7d1poNIU6A5QOem', NULL, '2024-10-01 07:16:55', '2024-10-01 07:16:55', NULL),
	(74, 'Lessie Botsford II', 0, '+17704310028', 'steuber.edmond@example.net', NULL, '$2y$12$PvK77Y366N0ZVw.hOCHMouSZxiewtQB.g6TsHbU79hlCG87kWX3Zq', NULL, '2024-10-01 07:16:55', '2024-10-01 07:16:55', NULL),
	(75, 'Malinda Cremin', 0, '240-432-0869', 'bo44@example.com', NULL, '$2y$12$jkJN2t4s9i/G5rExQrhitO5/GLj4X0ZyxSP8z/Ng6nKA9wBK2a9wS', NULL, '2024-10-01 07:16:55', '2024-10-01 07:16:55', NULL),
	(76, 'Arianna Rutherford', 0, '+1.903.742.5847', 'dena23@example.net', NULL, '$2y$12$fabWmA1JJBUCdK5JkwnbMeLivZHs9F4Eubiq5N.N4RwoH0BEuUjzm', NULL, '2024-10-01 07:16:55', '2024-10-01 07:16:55', NULL),
	(77, 'Jessie Robel', 0, '1-620-484-1654', 'roberta51@example.net', NULL, '$2y$12$m2M8H22/NJmpS0IstGYsM.qU4qN3n1Qv2hJyq11HQK21DQUF91.wK', NULL, '2024-10-01 07:16:55', '2024-10-01 07:16:55', NULL),
	(78, 'Elena Farrell', 0, '+1-620-480-3387', 'breana16@example.org', NULL, '$2y$12$mn5RsBQIOpPx/ZlMumCYMuPJTCcCb3SIcnW/iG1vGb6WPQcTAXJme', NULL, '2024-10-01 07:16:55', '2024-10-01 07:16:55', NULL),
	(79, 'Dortha Lind', 0, '678.584.5653', 'jayne11@example.com', NULL, '$2y$12$spdR0H4uN8YlqumlfvAFp.0DQW/Uf6dFXGP0.J1bI2JYkWHOv1f4W', NULL, '2024-10-01 07:16:55', '2024-10-01 07:16:55', NULL),
	(80, 'Osvaldo Rutherford', 0, '1-586-729-5181', 'aubrey.prosacco@example.org', NULL, '$2y$12$eOEHEvL7x57OKBjDIL2M.OZeTbDHSBVWvDsUSKuSxxyDdahlNxBnq', NULL, '2024-10-01 07:16:55', '2024-10-01 07:16:55', NULL),
	(81, 'Maymie Ruecker', 0, '540.378.2157', 'michaela22@example.org', NULL, '$2y$12$QXx7A.sxYM3ktOShx3kwQuUmGwFv2qRUKyKkvzye1O7vDJcCujVHy', NULL, '2024-10-01 07:16:55', '2024-10-01 07:16:55', NULL),
	(82, 'Maxie Yundt IV', 0, '1-678-599-1534', 'josefina.doyle@example.net', NULL, '$2y$12$eBUvJ0HyCEpwQvWes6kNA.RC6hQBqdOUxrYA4Ecvao0sLAkPOP4yC', NULL, '2024-10-01 07:16:55', '2024-10-01 07:16:55', NULL),
	(83, 'Viva Connelly', 0, '854-779-0193', 'schowalter.rae@example.org', NULL, '$2y$12$7l9Wv5Va6mNs6GxZkCRcuuPp/iHqFrbnzwFs5NRd5lZGndkAiH1x2', NULL, '2024-10-01 07:16:55', '2024-10-01 07:16:55', NULL),
	(84, 'Madison Denesik', 0, '+1 (478) 700-5121', 'heaven.ohara@example.com', NULL, '$2y$12$WdHKTRWXsxb7yIunyRB4VevCgOLR1QI1eqV6.jln55HylmbM62FPC', NULL, '2024-10-01 07:16:55', '2024-10-01 07:16:55', NULL),
	(85, 'Mozell Wilderman', 0, '+1-580-375-6203', 'keon.trantow@example.net', NULL, '$2y$12$1bqrWdqXwAJqZGBiuLgPZOfL71wBi5sNzd/3IoiqGUffQyWnpAuYC', NULL, '2024-10-01 07:16:55', '2024-10-01 07:16:55', NULL),
	(86, 'Dr. Lurline Bergstrom', 0, '984-555-5093', 'dkirlin@example.org', NULL, '$2y$12$Exf0ObBFuoQVjSJwLXon9eQe8jdvYRlzi0yl.Kt7OhdmiD8okEdhu', NULL, '2024-10-01 07:16:55', '2024-10-01 07:16:55', NULL),
	(87, 'Bradly Koss', 0, '636-924-4945', 'gaetano15@example.org', NULL, '$2y$12$pgATmJjSKzukrNsPJH/nQOwptLlGHAhiyuEzMbIoZ0smlEB2tuD0S', NULL, '2024-10-01 07:16:55', '2024-10-01 07:16:55', NULL),
	(88, 'Sunny Schmitt', 0, '+1-804-546-8851', 'jarod.koch@example.com', NULL, '$2y$12$SYQp/9brlTqt8dznVYmwKe6O8RKChv0QCAYbB9OSryWNrb1/V21zm', NULL, '2024-10-01 07:16:55', '2024-10-01 07:16:55', NULL),
	(89, 'Stanford Schmeler', 0, '+1 (989) 216-3881', 'robert20@example.com', NULL, '$2y$12$Z34aZ1Msf1w9mqKxa2ICHeseBVWL8fFlLdIaAv2A1K5fIZuVgodK6', NULL, '2024-10-01 07:16:55', '2024-10-01 07:16:55', NULL),
	(90, 'Prof. Karlee Mills V', 0, '1-223-234-9880', 'hermann.jarrell@example.org', NULL, '$2y$12$51UsCdtYzVaC0WlbEYqcReIWYkm7fOIHiXFF0x1TfiAVi3LMhtQJu', NULL, '2024-10-01 07:16:55', '2024-10-01 07:16:55', NULL),
	(91, 'Ms. Sheila Hills', 0, '352.737.9841', 'dora25@example.org', NULL, '$2y$12$ib4RDerJXABd2VP3wVkNxe266D3LcH6Z6zQYCcK6ka/h6TCzBx4yK', NULL, '2024-10-01 07:16:55', '2024-10-01 07:16:55', NULL),
	(92, 'Ms. Macy Bechtelar', 0, '509-355-1830', 'boehm.maryse@example.net', NULL, '$2y$12$hG9B4fq/0Wn9brJtziSqH.KZj4SjvWYDer2JwMPKFxutfV9SHr9UK', NULL, '2024-10-01 07:16:55', '2024-10-01 07:16:55', NULL),
	(93, 'Mohammad Cummings', 0, '425-535-7408', 'gerhold.rubye@example.net', NULL, '$2y$12$WdCAs8.YV2rCAhaUE0kwnOUH9NnLHYwFfPFK/PLcInWYp1d5vhKi6', NULL, '2024-10-01 07:16:55', '2024-10-01 07:16:55', NULL),
	(94, 'Mr. Ashton Ruecker Sr.', 0, '475.941.6570', 'bernadette83@example.com', NULL, '$2y$12$Or2v5x4r9uCaGXLd2lKTduAHLgsv2QAL19TdtWfFjgBniWjHkb9Xm', NULL, '2024-10-01 07:16:55', '2024-10-01 07:16:55', NULL),
	(95, 'Cristina Langosh', 0, '1-205-971-8738', 'aryanna.conn@example.net', NULL, '$2y$12$3FVX3iTauiB2sSeE90jJU.gU8q4gnM58Pey0vsypeAEkkPZheti1m', NULL, '2024-10-01 07:16:55', '2024-10-01 07:16:55', NULL),
	(96, 'Roscoe Lesch', 0, '+1 (458) 581-9003', 'prosacco.ova@example.net', NULL, '$2y$12$KUN7xIqeCmxRTKjjqrYgwOGKIDldr2mNld5awGDJ/3Nd0QZtRi5c2', NULL, '2024-10-01 07:16:55', '2024-10-01 07:16:55', NULL),
	(97, 'Dr. Elvie Pollich III', 0, '(989) 417-5770', 'lueilwitz.alexys@example.org', NULL, '$2y$12$Brs/5XEsOXBsNeLC2XXeZeA0RFq3zmobl1wRZiw1oQUH2M9N11V/O', NULL, '2024-10-01 07:16:55', '2024-10-01 07:16:55', NULL),
	(98, 'Keara Reinger', 0, '678.251.8777', 'akeem.price@example.com', NULL, '$2y$12$27/U377y0upNmvuwK9.AJezqNFFA7T3IB04h.SZCUpsTqhbp1.Wji', NULL, '2024-10-01 07:16:55', '2024-10-01 07:16:55', NULL),
	(99, 'Mikel Fisher', 0, '1-973-516-1258', 'oceane.huels@example.org', NULL, '$2y$12$zAzaaru1xExtpoLndIujuu3aINZ3WdXjO4NHob.A0yt2fKUFOfVb2', NULL, '2024-10-01 07:16:55', '2024-10-01 07:16:55', NULL),
	(100, 'Reanna Franecki', 0, '1-608-919-0134', 'phill@example.org', NULL, '$2y$12$Np/6PnFSZmUvHihoKTWzPet8.SjWGLcd74kdXOgd30gQbxyteRCgW', NULL, '2024-10-01 07:16:55', '2024-10-01 07:16:55', NULL),
	(101, 'Devyn Gerlach', 0, '+19708140783', 'lon63@example.org', NULL, '$2y$12$R.7WHN3xHfq4DI0KqXMU8e3df/kX0hhSuY22Su2lkTds9vSNHrh0y', NULL, '2024-10-01 07:16:55', '2024-10-01 07:16:55', NULL),
	(102, 'Milan Feil', 0, '1-530-316-8562', 'mallory41@example.org', NULL, '$2y$12$vExGma7.hH..UZBsAiNgj.2fja1TazkwFU2q6wGvJwX/7Dv3Jyp4i', NULL, '2024-10-01 07:16:55', '2024-10-01 07:16:55', NULL),
	(103, 'Dr. Brionna Littel', 0, '+1-551-415-2458', 'amitchell@example.com', NULL, '$2y$12$U/bLUs4hTPDyL.j/SBdvTuS3LvssOivMwVQBIm.Tft744IxDzPdte', NULL, '2024-10-01 07:16:55', '2024-10-01 07:16:55', NULL),
	(104, 'Madge Casper Jr.', 0, '+13232053584', 'clair33@example.com', NULL, '$2y$12$7sPl2mbZSOIKoNcOuec7wOSFqv/aH4onqAs7YFDqB4X10XkWPF996', NULL, '2024-10-01 07:16:55', '2024-10-01 07:16:55', NULL),
	(105, 'Prof. Albin Funk', 0, '+1-470-346-0627', 'vida07@example.com', NULL, '$2y$12$2PW49gRTmo39La.Gvr/WcOHnyToGWk/GJE7yvFbIh38Lum4ObnU9q', NULL, '2024-10-01 07:16:55', '2024-10-01 07:16:55', NULL),
	(106, 'Donnell Kuphal', 0, '(478) 696-3748', 'antonina64@example.com', NULL, '$2y$12$bR.N/HUwFf0q.Urf2Nt8fuDIsuRKcCn44xsnuPMoM/7bKgGzQ/ISS', NULL, '2024-10-01 07:16:55', '2024-10-01 07:16:55', NULL),
	(107, 'Dr. Jayde Willms III', 0, '+1-458-915-9476', 'kling.janice@example.com', NULL, '$2y$12$ZO7ZSbETQA7UMLR6LJyWM.ar3zgYE7NmIU0B.hnuyOh2zpvpzYb66', NULL, '2024-10-01 07:16:55', '2024-10-01 07:16:55', NULL),
	(108, 'Heather Kohler', 0, '+1-417-805-6037', 'odickens@example.net', NULL, '$2y$12$7PtTp2/V4l9MOW23Z8bH3uromxPu1rdlYkG86r81t02A.vTayqlYa', NULL, '2024-10-01 07:16:55', '2024-10-01 07:16:55', NULL),
	(109, 'Mr. Corbin Legros DDS', 0, '1-218-548-5042', 'xkertzmann@example.net', NULL, '$2y$12$38vNmHbd/EIbcM/m/SQK4OxUYwDpW2XNEQV6VpOUk8NpeW3CQf8h.', NULL, '2024-10-01 07:16:55', '2024-10-01 07:16:55', NULL),
	(110, 'Kiara West', 0, '+16158455301', 'heathcote.jamie@example.net', NULL, '$2y$12$2dMiWZn2mtiQfjgZFLl9cOveIJxNs1IRbrBd.HIkvSWZkc6w9Cepe', NULL, '2024-10-01 07:16:55', '2024-10-01 07:16:55', NULL),
	(111, 'Doyle Schowalter', 0, '+1 (424) 952-6448', 'fblanda@example.net', NULL, '$2y$12$aCgcAdgJgX0cVb5Qk7mSC.qnZlS4d1ngnzd.PKmE4ppq/T6eLY9Ui', NULL, '2024-10-01 07:16:55', '2024-10-01 07:16:55', NULL),
	(112, 'Hannah Fisher', 0, '1-510-782-2760', 'demetrius.kshlerin@example.com', NULL, '$2y$12$Ly/OtA/6nWH7eX2EJkw.Gej0R1O74W91zO.6HOGLlbKAbzOzhwyoy', NULL, '2024-10-01 07:16:55', '2024-10-01 07:16:55', NULL),
	(113, 'Geoffrey Bogan', 0, '1-856-862-2145', 'qmcclure@example.net', NULL, '$2y$12$5BoEDKywOYWw/RseSja8se0.mXkdVIszvfoGmKUJ23L/IMpe8lsoC', NULL, '2024-10-01 07:16:55', '2024-10-01 07:16:55', NULL),
	(114, 'Edwina Hegmann III', 0, '1-808-836-1423', 'timmothy.nikolaus@example.com', NULL, '$2y$12$yoqstwxKzohPTiDG9qci2OCZnetmychsiFQpKXxUahJMbbHA.ghtm', NULL, '2024-10-01 07:16:55', '2024-10-01 07:16:55', NULL),
	(115, 'Mr. Dorian Lubowitz', 0, '+1.469.295.4207', 'npurdy@example.com', NULL, '$2y$12$gz13cVnYPqjyRQE0To69leoMOpMiNGYhcP0fLPF9JaGYn5msf9ESq', NULL, '2024-10-01 07:16:55', '2024-10-01 07:16:55', NULL),
	(116, 'Seth Von', 0, '442.668.1634', 'jeffery.haag@example.org', NULL, '$2y$12$n/ZFKa9m/fYWt1Vj10r2VObqeaiPjXUe5yOWcSv4FSS894nqWQ1jq', NULL, '2024-10-01 07:16:55', '2024-10-01 07:16:55', NULL),
	(117, 'Wilbert Marks', 0, '+1-352-799-9746', 'price.deonte@example.org', NULL, '$2y$12$vTZNztH6ICbcZPYVgPoFn.yTV2JIgmpJ67usaEDd2Hon.rDIK.RVK', NULL, '2024-10-01 07:16:55', '2024-10-01 07:16:55', NULL),
	(118, 'Rachel Stamm II', 0, '585-725-0289', 'znitzsche@example.net', NULL, '$2y$12$Xmo1WZ5EyNThJLI0FMZab.EaP5cQBRRDU3fdnA3r9vic0AMX5kE0i', NULL, '2024-10-01 07:16:55', '2024-10-01 07:16:55', NULL),
	(119, 'Janelle Johnson', 0, '+1-513-303-5724', 'russel.annetta@example.com', NULL, '$2y$12$Vqoczz04APqtQCOIs.Lu1.9GXuO8nN0gytSa8Je4GpA0dmiQfwl9G', NULL, '2024-10-01 07:16:55', '2024-10-01 07:16:55', NULL),
	(120, 'Ms. Lempi Weber', 0, '+1-347-965-3980', 'nbechtelar@example.net', NULL, '$2y$12$WRimaKK9UmdmhNGSZCCwFu/YOQqbbEENrdXTjsBkzpQIgMiNgeqmu', NULL, '2024-10-01 07:16:55', '2024-10-01 07:16:55', NULL),
	(121, 'Mrs. Kaia Mueller', 0, '781.542.1774', 'pgorczany@example.com', NULL, '$2y$12$2cdYazMjXWHERGGa9TCkp.eT.5evOOx9mCVW1A70GqFJpbJsjVQdi', NULL, '2024-10-01 07:16:55', '2024-10-01 07:16:55', NULL),
	(122, 'Dr. Gia Huel', 0, '458-553-9354', 'ludie31@example.com', NULL, '$2y$12$2zezD7TqEo8suL0c2WQCkO4FdCVEbbBdbK2w.crGEL37lg8esKfcm', NULL, '2024-10-01 07:16:55', '2024-10-01 07:16:55', NULL),
	(123, 'Marjory Blick III', 0, '717.753.1617', 'tbecker@example.net', NULL, '$2y$12$LBeWRiI7pR87DAm7WW.Jxudh7N6Z/4DPysMVw7oliZ6C1S1.FcLjG', NULL, '2024-10-01 07:16:55', '2024-10-01 07:16:55', NULL),
	(124, 'Jennifer Cummerata', 0, '+12087999686', 'randall39@example.net', NULL, '$2y$12$dxManPpiOPfITtH09TdNYugNop.SUJOiL6tAAiqYB.xaas1NUIs2i', NULL, '2024-10-01 07:16:55', '2024-10-01 07:16:55', NULL),
	(125, 'Horacio Prosacco', 0, '+1.540.930.0156', 'fadel.trenton@example.net', NULL, '$2y$12$AqAb/sUQOWjVCTFY73W4UOmZBuz.n7F1dmDAcB57XYYYja10CQkei', NULL, '2024-10-01 07:16:55', '2024-10-01 07:16:55', NULL),
	(126, 'Emmalee Eichmann', 0, '1-515-252-2506', 'reichel.bernie@example.com', NULL, '$2y$12$f.wEekKu1EblqIbV5khnhuB5PjhY/LWoFC1T1m7EuP2c/gdv9VvqC', NULL, '2024-10-01 07:16:55', '2024-10-01 07:16:55', NULL),
	(127, 'Prof. Justen Swift PhD', 0, '678-435-0544', 'alexzander52@example.com', NULL, '$2y$12$lo48MzLhGFdMydnGYMRVoOWzFD6w3uIczr0wqh979EIRMkGRDGoxm', NULL, '2024-10-01 07:16:55', '2024-10-01 07:16:55', NULL),
	(128, 'Devin Kreiger', 0, '1-650-887-9899', 'burnice98@example.org', NULL, '$2y$12$qBNRO16O8vFo/ui9adAOueY3oi/oPw75CnY8LdjMfOON1um3BqUOm', NULL, '2024-10-01 07:16:55', '2024-10-01 07:16:55', NULL),
	(129, 'Dr. Aleen Shanahan', 0, '269-664-4537', 'herman.monserrate@example.com', NULL, '$2y$12$mV98iOPxLEP1Ybm7v/ovIOyNsKQo1EQrzl7tqp3a55HAtSsPaKBtS', NULL, '2024-10-01 07:16:55', '2024-10-01 07:16:55', NULL),
	(130, 'Ms. Aylin Ritchie', 0, '1-425-764-5241', 'whettinger@example.com', NULL, '$2y$12$RP6fvvxW3nJYHgL.Faz0YeUx6cefAPqcETlC2jqukcg7Uhg8A3TuS', NULL, '2024-10-01 07:16:55', '2024-10-01 07:16:55', NULL),
	(131, 'Nia Wolff DVM', 0, '+1.445.725.2807', 'alaina76@example.net', NULL, '$2y$12$RjjSajdA1bH4m7lX7hETjO7llxqWZwr0vs08rxXXmCWn41XChOD7C', NULL, '2024-10-01 07:16:55', '2024-10-01 07:16:55', NULL),
	(132, 'Ms. Jacynthe Metz', 0, '(520) 882-2657', 'gloria.kuphal@example.net', NULL, '$2y$12$KSpLewIcSJ1/81/R9UIgXuy.4dRlpPZmJwoaNZt/QxdMLMnyBpy66', NULL, '2024-10-01 07:16:55', '2024-10-01 07:16:55', NULL),
	(133, 'Maryam Langworth V', 0, '+1 (561) 786-0299', 'audreanne92@example.com', NULL, '$2y$12$O4Ed9ATSPpigtorxNs2ztOQFBeBfYnuDshgsV75Jcn9Zm8kZnAsry', NULL, '2024-10-01 07:16:55', '2024-10-01 07:16:55', NULL),
	(134, 'Camille Pfannerstill', 0, '(914) 788-8612', 'devonte.schoen@example.org', NULL, '$2y$12$I6Vq6kiTZx7i3D1.WuIZ7.2dzGw5GzmHtuKHWmk77qKnnI1pJ7vRS', NULL, '2024-10-01 07:16:55', '2024-10-01 07:16:55', NULL),
	(135, 'Agustina Tillman', 0, '940.233.9940', 'laurie64@example.com', NULL, '$2y$12$psfMtPnFmsLjn6uVO9o1wuFtgB6fFAlJdoBKAp1Dopy9ia2NXueeC', NULL, '2024-10-01 07:16:55', '2024-10-01 07:16:55', NULL),
	(136, 'Nestor Watsica', 0, '+1.843.667.0353', 'precious.berge@example.com', NULL, '$2y$12$4Utzjcd.XYnvQxxkDRQpFOX4pD3g57rM1vKtR4N4uckDbgNtfHKZy', NULL, '2024-10-01 07:16:55', '2024-10-01 07:16:55', NULL),
	(137, 'Dr. Jon Gislason Sr.', 0, '+19347788896', 'alanna95@example.com', NULL, '$2y$12$LFynha3j2CFkvEiaYATKl.uFdt8SN87Xo9Mf6g0zc.maGWyQr6cNe', NULL, '2024-10-01 07:16:55', '2024-10-01 07:16:55', NULL),
	(138, 'Winston Becker', 0, '+1-831-471-2757', 'aauer@example.com', NULL, '$2y$12$FAUuaWYbkia6vt5wC1EJy.hI7ggA3H231OkvrwK76NlgH.HHFxW8m', NULL, '2024-10-01 07:16:55', '2024-10-01 07:16:55', NULL),
	(139, 'Mr. Kole McKenzie', 0, '+17163933394', 'shea31@example.com', NULL, '$2y$12$l6lx7tYT4qtvQBC52.fftuBfuEUhq/1nCjvOPUjgnH8b8kOwsWWqO', NULL, '2024-10-01 07:16:55', '2024-10-01 07:16:55', NULL),
	(140, 'Dr. Afton Rohan', 0, '561.888.1604', 'troy64@example.org', NULL, '$2y$12$YnyBF32XftdtlsiPqclAmORnqa3tgKpQz8W1k5iXvmpgnRGu1snLi', NULL, '2024-10-01 07:16:55', '2024-10-01 07:16:55', NULL),
	(141, 'Prof. Martina Conroy', 0, '+1-920-201-6929', 'mzemlak@example.net', NULL, '$2y$12$3GgSpXy.0svtDMbwbakiHeEB9YP4fSPisumnT2P0CKo/lTJRIcL0K', NULL, '2024-10-01 07:16:55', '2024-10-01 07:16:55', NULL),
	(142, 'Marvin Nolan', 0, '614.709.8821', 'mose.mayer@example.net', NULL, '$2y$12$rvaP0REizWI4IjUlNQzXjuKLWUuxMaVW5ufjM0QhzBUPcL/pmmPZm', NULL, '2024-10-01 07:16:55', '2024-10-01 07:16:55', NULL),
	(143, 'Madisen Wintheiser V', 0, '872.204.1262', 'danika.cormier@example.net', NULL, '$2y$12$sjq3syrKAXwDb3RWkMflY.hOyUZf1PiEP5fLESK1mKZhSAU4sNYau', NULL, '2024-10-01 07:16:55', '2024-10-01 07:16:55', NULL),
	(144, 'Mrs. Lucie Jacobi DVM', 0, '(424) 322-2314', 'jayce.willms@example.org', NULL, '$2y$12$rVjFtbbUTUAw04Itoe6jqO8jB3GPWLfo/SvPFGSa4q8GC7cpMnqle', NULL, '2024-10-01 07:16:55', '2024-10-01 07:16:55', NULL),
	(145, 'Ms. Domenica Prosacco', 0, '(858) 967-3784', 'virginie27@example.com', NULL, '$2y$12$a8cp2RyuPuSWxmDSTC/LQuA/SpEdo445AnMn7QZ.0/ki5Ho.GkUkW', NULL, '2024-10-01 07:16:55', '2024-10-01 07:16:55', NULL),
	(146, 'Miss Erika Maggio', 0, '+19142468115', 'upadberg@example.net', NULL, '$2y$12$aB5oDJ0rUEWlXg.8i5rY8OLwNkbqpiF280i3DMNlfRIKaTWKsAwoK', NULL, '2024-10-01 07:16:55', '2024-10-01 07:16:55', NULL),
	(147, 'Magdalen Lemke V', 0, '+1-430-371-2161', 'bradtke.justice@example.com', NULL, '$2y$12$RwDJB7JkpLOcKMHdnoviPuQRpTaGma9vU.XJJZkTQqQzO/KyOdSbu', NULL, '2024-10-01 07:16:55', '2024-10-01 07:16:55', NULL),
	(148, 'Prof. Juvenal Bailey', 0, '+1.475.210.0582', 'sofia23@example.net', NULL, '$2y$12$0xUKwgmODwN5gR6r5Ohhk.XR13ESSaSN.KVQ7sDZTB0bi3W4f9iPq', NULL, '2024-10-01 07:16:55', '2024-10-01 07:16:55', NULL),
	(149, 'Amaya Langworth Jr.', 0, '+1-608-592-9001', 'stamm.mya@example.net', NULL, '$2y$12$asHZ8ufSrrP3mFUky3M5P.J8sLYCV/FnQJmsIvxocRehy7gbFsEEm', NULL, '2024-10-01 07:16:55', '2024-10-01 07:16:55', NULL),
	(150, 'Jane McLaughlin', 0, '442-921-6493', 'schaefer.cleve@example.org', NULL, '$2y$12$RcIVsE/j6kQy5Qnf9QQYhusUUXhrqalK7sVl2bzhsDgBPjBnD6pRi', NULL, '2024-10-01 07:16:55', '2024-10-01 07:16:55', NULL),
	(151, 'Audie Keeling PhD', 0, '732-908-1613', 'pjacobs@example.net', NULL, '$2y$12$JgvpzPQZ8rVe2x0sxbrYBeeCKeTP95tWM0ipJgBv8bdv9VdjqGelm', NULL, '2024-10-01 07:16:55', '2024-10-01 07:16:55', NULL),
	(152, 'Deanna Carroll', 0, '1-330-902-0186', 'zoey49@example.com', NULL, '$2y$12$/3QQTIU165P3iZLdeKdjIORu3aRPTlAS1WaCk3KCItYF6ztwkaZSi', NULL, '2024-10-01 07:16:55', '2024-10-01 07:16:55', NULL),
	(153, 'Eloise Bailey', 0, '+17854969896', 'dolores.torphy@example.com', NULL, '$2y$12$RuEkvqx9VORO4Oi0GlQIP.XimFuUhxLMiL372UamHPARzYfUo3LOq', NULL, '2024-10-01 07:16:55', '2024-10-01 07:16:55', NULL),
	(154, 'Xander Rowe', 0, '248-423-1950', 'mekhi32@example.org', NULL, '$2y$12$cZ3T8s2xaZCN8DAo/yBA6.eaZbFcHEUqHeKcd89xGazm90Zlo5WuW', NULL, '2024-10-01 07:16:55', '2024-10-01 07:16:55', NULL),
	(155, 'Javier Ledner', 0, '272-865-5786', 'carter.dulce@example.com', NULL, '$2y$12$35VMUW9m0dEgWcAJejcxmu/Clfjk0/jVbl459Uuf08BUnnWZuBoEa', NULL, '2024-10-01 07:16:55', '2024-10-01 07:16:55', NULL),
	(156, 'Ivah Okuneva DDS', 0, '(541) 982-6959', 'chaag@example.org', NULL, '$2y$12$2zBEEjfDkFhuFW1i7VRGOOKFdYkJFDRmNve8ab6beTB85f3izCiy6', NULL, '2024-10-01 07:16:55', '2024-10-01 07:16:55', NULL);

/*!40103 SET TIME_ZONE=IFNULL(@OLD_TIME_ZONE, 'system') */;
/*!40101 SET SQL_MODE=IFNULL(@OLD_SQL_MODE, '') */;
/*!40014 SET FOREIGN_KEY_CHECKS=IFNULL(@OLD_FOREIGN_KEY_CHECKS, 1) */;
/*!40101 SET CHARACTER_SET_CLIENT=@OLD_CHARACTER_SET_CLIENT */;
/*!40111 SET SQL_NOTES=IFNULL(@OLD_SQL_NOTES, 1) */;
